dataset,id,claim_text,article_text,content_status,label_raw,label,label_confidence,label_mode,label_3way,label_bin,source_id,claim_norm_hash,lang,content_char_len
fakehealth,news_reviews_00000,"Tiny implantable device short-circuits hunger pangs, aids weight loss","MADISON, Wis. -- More than 700 million adults and children worldwide are obese, according to a 2017 study that called the growing number and weight-related health problems a ""rising pandemic.""

New battery-free, easily implantable weight-loss devices developed by engineers at the University of Wisconsin-Madison could offer a promising new weapon for battling the bulge.

In laboratory testing, the devices helped rats shed almost 40 percent of their body weight. Results of the study were published today (Dec. 17, 2018) in the journal Nature Communications.

Measuring less than 1 centimeter across, or about a third of the area of a U.S. penny, the tiny devices -- which are safe for use in the body and implantable via a minimally invasive procedure -- generate gentle electric pulses from the stomach's natural churning motions and deliver them to the vagus nerve, which links the brain and the stomach.

That gentle stimulation dupes the brain into thinking that the stomach is full after only a few nibbles of food.

""The pulses correlate with the stomach's motions, enhancing a natural response to help control food intake,"" says Xudong Wang, a UW-Madison professor of materials science and engineering.

Unlike gastric bypass, which permanently alters the capacity of the stomach, the effects of the new devices also are reversible. When Wang and his collaborators removed the devices after 12 weeks, the study's rats resumed their normal eating patterns and weight bounced right back on.

Wang's device has several advantages over an existing unit that stimulates the vagus nerve for weight loss. That existing unit, ""Maestro,"" approved by the Food and Drug Administration in 2015, administers high-frequency zaps to the vagus nerve to shut down all communication between the brain and stomach. It requires a complicated control unit and bulky batteries which frequently must be recharged.

That ongoing maintenance can be a big barrier to use, says Luke Funk, a surgery professor in UW-Madison's Division of Minimally Invasive, Foregut and Bariatric Surgery. ""One potential advantage of the new device over existing vagus nerve stimulators is that it does not require external battery charging, which is a significant advantage when you consider the inconvenience that patients experience when having to charge a battery multiple times a week for an hour or so.""

In fact, Wang's device contains no batteries, no electronics, and no complicated wiring. It relies instead on the undulations of the stomach walls to power its internal generators.

That means the device only stimulates the vagus nerve when the stomach moves.

""It's automatically responsive to our body function, producing stimulation when needed,"" says Wang. ""Our body knows best.""

Wang is a world expert in wearable and implantable capacitive electricity-generating devices, having previously created implantable nanogenerators that harvest energy from people's beating hearts and breathing, a motion-powered bandage for wound healing, and other such devices.

He and his collaborators patented the weight-loss device through the Wisconsin Alumni Research Foundation and are moving forward with testing in larger animal models. If successful, they hope to move toward human trials.

""Our expectation is that the device will be more effective and convenient to use than other technologies,"" says Wang.

###

UW-Madison radiology professor Weibo Cai is also a senior author on the study.

This research was supported by grants from the National Institutes of Health (R01EB021336 and P30CA014520).

Sam Million-Weaver, (608) 263-5988, millionweave@wisc.edu",full_article,false,false,gold,0,0,-100,2,db79248a4011e4d7508d1c2151d07a852cd50db7,en,3633
fakehealth,news_reviews_00001,Scientists report CRISPR restores effectiveness of lung cancer treatment,"Wilmington, DE, December 17, 2018 - The CRISPR-Cas9 gene editing system may be able to restore the effectiveness of first-line chemotherapies used to treat lung cancer by deleting or ""knocking out"" a gene in cancer tumors that helps the tumors develop resistance to the drugs. That was the conclusion of a new study published today in the journal Molecular Therapy Oncolytics by scientists from The Gene Editing Institute of the Helen F. Graham Cancer Center & Research Institute at Christiana Care Health System.

The study reports that in both tissue culture and in a mouse, tumor growth stopped and there was a dramatic decrease in the volume of existing tumors when chemotherapy was combined with CRIPSP-Cas9, which was used to disable a tumor gene known as NRF2. Previous studies have shown that the NRF2 gene controls cell functions in lung cancer tumors that helps them thwart the effect of chemotherapies that might otherwise reduce or eliminate them entirely.

""Our goal is to see if CRISPR can be used with chemotherapy to provide a safe, affordable way to give patients who are not responding to treatment at least a fighting chance against this very challenging cancer,"" said Eric Kmiec, Ph.D., the principal author of the study and the director of the Gene Editing Institute. ""We believe that finding ways to use CRISPR to improve existing treatments will lead to some of the first benefits for patients while we tackle the vital ethical issues around the use of CRISPR for edits that can be passed on through DNA. This is an exciting step in the journey of exploring the health benefits of gene editing.""

The study was led by Pawel Bialk, research scientist at the Gene Editing Institute, the nation's only CRISPR-focused research initiative situated in a community health care system.

Lung cancer is the leading cause of cancer death in the United States. Dr. Kmiec said there are chemotherapies that have helped patients achieve remission or at least live longer and enjoy a better quality of life by significantly slowing the progress of the disease. But he said some patients with non-small-cell lung cancer, the most common form of lung cancer, are resistant to chemotherapy agents used to treat the disease or develop resistance after being exposed to the drugs.

Developing CRISPR in a Community Health Center: A Patient-Focused Approach

Dr. Kmiec said the lung cancer work reflects an approach adopted by the Gene Editing Institute to move cautiously in developing medical applications of gene editing. Based inside the Helen F. Graham Cancer Center & Research Institute at Christiana Care, his research team gains unique insight into the lives and needs of cancer patients and the health care professionals who care for them, which helps them to maintain a strong focus on doing what's right for patients.

Dr. Kmiec noted that while his team is working to move into human trials, the CRISPR application being developed for lung cancer does not involve directly editing a patient's genome --only the genes in the tumor.

CRISPR stands for ""clustered regularly interspaced short palindromic repeats."" It was originally a defense mechanism found in bacteria that allows the bacteria to recognize and slice up the DNA of invading viruses. Scientists have learned how to manipulate this mechanism so that it essentially can be programmed to find and remove a specific sequence of DNA code--which acts like software for controlling biological activity in a cell. Cas9 is a reference to an enzyme, sometimes described as a form of ""molecular scissors,"" that is used by CRISPR to cut out a section of DNA code.

Research Aimed at Real-World, Affordable Solutions

Dr. Kmiec said there are many efforts under way to modify CRISPR so that it can be used to not only remove or ""knock out"" a section DNA, but also to replace or ""knock in"" a new strand of code. But he said there continues to be significant safety concerns around this type of CRISPR application. He said for now, his team is focused on ""using CRISPR in its native form, which is to just cut out a section of DNA,"" and to start with applications that do not directly impact the patient's DNA. He said using CRISPR to do things like improving drug response represents the ""low-hanging fruit"" of CRISPR patient applications.

""We think it's best to start with CRISPR therapies that involve relatively conservative uses of this powerful tool,"" Dr. Kmiec said. ""This approach can also hopefully help contain costs and provide a level of safety and reliability that is reassuring for patients and increases the chance that insurance companies will provide coverage.""

Dr. Kmiec said that as a CRISPR research program that treats patients from across the economic spectrum, his scientists are keenly aware of the challenges of making cutting edge medical treatments accessible and beneficial for all patients.

""This work is another significant step on the pathway to FDA approval,"" said Nicholas J. Petrelli, M.D., FACS, Bank of America endowed medical director of the Helen F. Graham Cancer Center & Research Institute. ""The Gene Editing Institute is taking a careful and methodical approach to developing innovative therapies. Dr. Kmiec and his team interact with our oncologists who deal with lung cancer every day on how gene editing could have a realistic impact and improve treatment. This multidisciplinary clinical/scientific team has been working together to develop a compassionate bench-to-bedside approach. Their laboratory benches are literally down the hall from our patients and the oncologist's offices.""

###

Downloadable photos

Video about the Gene Editing Institute

About the Gene Editing Institute

The Gene Editing Institute is the only research institute of its kind in the nation based within a community health care system. Led by gene editing pioneer, Eric Kmiec, Ph.D., and based in Christiana Care Health System's Helen F. Graham Cancer Center & Research Institute, the Gene Editing Institute is a worldwide leader in gene editing biomedical research in cancer and other inherited diseases, and the only one working in the same space with oncologists, genetic counselors and patients, bringing translational research from basic science to patient treatment to a new level. You can find the Gene Editing Institute on Twitter and Facebook.

About Christiana Care Health System's Helen F. Graham Cancer Center & Research Institute

The Helen F. Graham Cancer Center & Research Institute is one of the most advanced cancer centers in the country, part of one of a few hybrid academic-community health systems conducting translational cancer research, and the only center of its kind committed to high-level advancements in research through its Gene Editing Institute. The Graham Cancer Center is part of Christiana Care Health System, one of the country's largest health care providers and a regional center of excellence in cardiology, cancer and women's health services. You can find Christiana Care Health System on Twitter and Facebook.",full_article,mixed,mixed,gold,0,1,-100,2,c0fedb4f2aac078d7cbb138ccf2eb48c3bd5b51a,en,7042
fakehealth,news_reviews_00002,Probiotics could help millions of patients suffering from bipolar disorder,"About 3 million people in the US are diagnosed every year with bipolar disorder, a psychiatric condition characterized by dramatic shifts in mood from depression to mania. Currently, the standard treatment includes a combination of psychotherapy and prescription medications such as mood stabilizers and antipsychotics.

However, an emerging field of research is exploring the use of probiotics--often thought of as ""good bacteria""--as a potential new avenue for treatment of bipolar and other psychiatric mood disorders. And a new study from Baltimore's Sheppard Pratt Health System, conducted by a research team led by Faith Dickerson, finds that a probiotic supplement may reduce inflammation of the gut, which is known to exacerbate bipolar disorder. Probiotic organisms are non-pathogenic bacteria that, when present in the gut flora, are known to improve the overall health of the host.

In recent years, research has demonstrated a strong link between the gastrointestinal tract and the central nervous system. This connection, named the ""gut-brain axis"" (GBA), allows for crosstalk between the endocrine, immune, and autonomic nervous systems. The GI tract is also home to the intestinal microbiome, a complex population of roughly 100 trillion microorganisms (more than ten times the number of cells that make up the human body) that interacts with the mucosal lining of the GI tract. Studies have shown that the intimate association between the gut microbiome and GI tissue has a significant effect on the GBA.

There is also mounting evidence linking imbalances in the microbial species that make up the gut microbiome to a number of health problems including allergies, autoimmune disorders, and psychiatric mood disorders.

In the case of bipolar disorder and the GBA, previous studies have shown that inflammation, or overstimulation of the body's immune system, is a contributing factor in the disease. With this in mind, researchers developed a probiotic supplement aimed at reducing inflammation caused by microbial imbalances in the gut.

A group of patients recently hospitalized for mania participated in a 6-month study to track the effects of probiotic treatment on both their mood and the status of their immune system.

The patients were randomly selected to receive either the probiotic supplement or a placebo in addition to their usual medications. The results showed that the group receiving the probiotic supplement, on average, didn't return to the hospital as quickly and required less in-patient treatment time compared to the placebo group. The beneficial effects were most pronounced in those patients who exhibited abnormally high levels of inflammation at the beginning of the study.

Overall, these results indicate that changes in intestinal inflammation can alter the trajectory of psychiatric mood disorders and that modulating the intestinal microbiota may be a new avenue of treatment for patients suffering from these diseases.

###",full_article,false,false,gold,0,0,-100,2,75476a4feefb9971e59eba9bd4cebb928e6df401,en,2975
fakehealth,news_reviews_00003,Yes Please to Yogurt and Cheese: The New Improved Mediterranean Diet,"Newswise — Thousands of people can take heart as new research from the University of South Australia shows a dairy-enhanced Mediterranean diet will significantly increase health outcomes for those at risk of cardiovascular disease – and it’s even more effective than a low-fat diet.

Cardiovascular disease takes the lives of 17.9 million people every year, representing 31 per cent of all global deaths. In Australia, it is the single leading cause of death in Australia, affecting 4.2 million Australians and killing one Australian every 12 minutes. Low-fat diets are often recommended as suitable food plans for those seeking to reduce their risk factors for cardiovascular disease. Similarly, the Mediterranean diet (MedDiet) has been shown to deliver significant health benefits.

In this UniSA study, published by the American Journal of Clinical Nutrition, researchers compared the health benefits of a MedDiet supplemented with two to three serves of dairy each day, and a generic low-fat diet.

The results show that the dairy-supplemented MedDiet (MedDairy) significantly improved blood pressure, heart rate, cholesterol, mood and cognitive function.

PhD candidate Alexandra Wade says the new MedDairy diet challenges popular perceptions of what is considered healthy.

“The MedDiet is fast earning a reputation as the world’s healthiest diet and is renowned for delivering improved cardiovascular and cognitive health,” Wade says.

“But it’s also higher in fat, which can be a deterrent for people seeking to adopt a healthier eating plan, especially if they don’t realise the difference between healthy and unhealthy fats.

“In Australia, low-fat diets are often recommended for improving heart health and they are still perceived as being healthy.

“This study shows that the new MedDairy works better than a generic low-fat diet, ensuring better health outcomes for people at risk of cardiovascular disease.”

Importantly, the MedDairy diet also meets additional calcium requirements recommended by Australia’s national health bodies.

A typical MedDiet includes extra virgin olive oil, fruits, vegetables, nuts, seeds, legumes, wholegrain breads, pastas and cereals, moderate consumption of fish and red wine, and low consumption of red meat, sweet and processed foods. It also includes 1-2 servings of dairy foods (700-820mg calcium), which is less than half the dairy recommended by the Australian National Health and Medical Research Council (NHMRC) for older Australians.

“Living in Australia, we have different dietary requirements, notably a need for more calcium to protect against osteoporosis,” Wade says.

“These needs are unmet in the traditional MedDiet, which makes it difficult for people to adopt in the long term.

“This study delivers healthier options for Australians by tailoring the nutrients in the MedDiet to meet the needs of a non-Mediterranean population.

“In Australia, women up to age 50 years – and men up to age 70 years – should consume 1000mg per day of calcium per day and 1300mg thereafter, which is roughly between 3.5 and 4.5 serves a day.

“The new MedDairy diet allows for three to four servings with dairy, which means Australians can more sustainably meet their recommended daily nutrient intakes while also maintaining the significant health benefits offered through the MedDiet.

“When it comes down to it, people want to be able to enjoy a colourful, tasty and nutritious diet. And if you’re one of the thousands of people seeking to improve your cardiovascular and cognitive health – look no further than the MedDairy diet.”

Notes to editors:

Cardiovascular disease (CVD) is a major cause of death in Australia, with 43,477 deaths attributed to CVD in Australia in 2017. CVD kills one Australian every 12 minutes. Source: Australian Bureau of Statistics 2018, Causes of Death 2017, ABS cat. no. 3303.0, September. Cardiovascular disease takes the lives of 17.9 million people every year, representing 31 per cent of all global deaths. Source: World Health Organisation. Cardiovascular disease affects one in six Australians or 4.2 million people. Source: Australian Bureau of Statistics, 2016, National Health Survey: First results, 2014-15, ABS cat. no. 4364.0.55.001, March. Data customised using TableBuilder.

SEE ORIGINAL STUDY",full_article,false,false,gold,0,0,-100,2,bca9ceb4ab93222eb9356c9a21678b3c0429e27d,en,4295
fakehealth,news_reviews_00004,Johns Hopkins team identifies promising diagnostic tool for Alzheimer's disease,"Researchers at Johns Hopkins Medicine have identified in live human brains new radioactive ""tracer"" molecules that bind to and ""light up"" tau tangles, a protein associated with a number of neurodegenerative diseases including Alzheimer's disease and other related dementias. Two studies will be published back-to-back in the December issue of Journal of Nuclear Medicine--one as featured article of the month--describing testing of three candidate molecules in patients with Alzheimer's disease, as well as the use of one molecule to measure the accumulation of tau proteins.

""One of the greatest public health challenges is Alzheimer's disease, for which there currently is no cure and no definitive diagnostic until autopsy,"" says Dean Wong, M.D., Ph.D., professor of radiology and radiological sciences, psychiatry and behavioral sciences, neurology and neuroscience, and director of the Section of High Resolution Brain PET Imaging, Division of Nuclear Medicine at the Johns Hopkins University School of Medicine. ""We have been working hard to identify new radiopharmaceuticals that can help speed the discoveries of diagnostics and treatments for these devastating neurodegenerative disorders.""

Alzheimer's disease is characterized in the brain by the appearance of two abnormal protein structures: amyloid plaques and tangled fibers made up of a protein called tau. One of the biggest challenges in studying Alzheimer's disease thus far, according to Wong, is the inability to watch these so-called neurofibrillary tangles develop in real time.

As part of a longer term project funded by F. Hoffman-La Roche, the team previously tested a collection of approximately 550 potential tracer molecules and identified six promising tracers, eventually narrowing them down to three to be made and tested as candidate Tau PET radiopharmaceuticals. These three most promising tracers were previously tested in nonhuman primates, and the results looked promising enough to test in people.

The researchers recruited a total of 12 patients with Alzheimer's disease, seven younger healthy controls (ages 25-38 years old) and five older healthy controls (age 50 or older) for brain-only PET scans. An additional six older healthy controls were recruited for full-body scanning. The study was divided into three parts. In the first part, each person was injected with two of the three randomly designated tracers (on separate visits) prior to receiving a brain PET scan with subsequent evaluation to determine which molecule performed best. In the second part of the study, researchers tested the optimal tracer, called F-18 RO948, with additional brain imaging in five patients with Alzheimer's and five older controls, with follow-up of previously seen patients to evaluate the potential progression of tau protein tangling after an average span of approximately 16 months.

The third part of the study examined six older controls undergoing whole-body scanning. In total, the researchers looked at 80 different regions in the brain to evaluate how well the tracers were taken up by the brain, how well they penetrated through the tissue and how specifically they bound to the tau protein rather than just sticking indiscriminately to anything. Regions of the brain that typically contain accumulated tau protein include the temporal lobe, parietal lobe and occipital lobe, among others; grey matter in the cerebellum is thought to contain low or no tau in patients with Alzheimer's. They found that healthy brains retained little to no tracer, whereas the brains of those with Alzheimer's showed tau to be in regions of the brain consistent with previously reported postmortem data on filamentous tangles.

In the second paper, the team examined the detailed quantification of tau binding via F-18 RO948 in 11 patients with Alzheimer's disease, five young cognitively normal controls and five older cognitively normal controls. They verified that detailed quantification of the tested and retested tracer in those five patients with Alzheimer's and five older controls generated good and reproducible results. According to Wong, this body of work reveals that, as compared with the currently used Tau tracer, F-18 AV1451, the new tracer, F-18 RO948, does not bind randomly to other tissue, offering greater clarity into quantification of potential tau burden within the human brain.

""It really takes a village to make progress in biomedical research, and this project was no exception, with the involvement of the PET team at Hopkins, a CRO who helped recruit healthy subjects, colleagues in psychiatry and behavioral sciences, colleagues at the National Institute of Aging and neuroscience imaging experts at Roche,"" says Wong. ""This is a true example of cross-disciplinary collaboration, and I'm honored to have such great collaborators.""

###

This study was made available online in May 2018 ahead of peer-review and publication. It was published in the December 2018 issue of the journal.

Authors of the first Journal of Nuclear Medicine featured paper ""Characterization of 3 Novel Tau Radiopharmaceuticals, 11C-RO-963, 11C-RO-643, and 18F-RO-948, in Healthy Controls and in Alzheimer Subjects"" include Dean F. Wong, Hiroto Kuwabara, Paul B. Rosenberg, Esther Oh , Constantine G. Lyketsos, Noble George, Lorena Gapasin, Kelly Kitzmiller, Josh Roberts, Ayon Nandi, James Brasic, Chakradhar Mishra, Abhay Moghekar, Anil Mathur, Marilyn Albert and Robert F. Dannals of The Johns Hopkins University, Baltimore, Maryland; Robert A. Comley, Susanne Ostrowitzki, Cristina Vozzi, Frank Boess, Michael Honer, Luca Gobbi, Gregory Klein, Jeff Sevigny and Edilio Borroni, Pharma Research and Early Development, Hoffmann-La Roche, Basel, Switzerland; and Susan M. Resnick and Madhav Thambisetty, Lab of Behavior and Neuroscience, NIH's National Institute on Aging Intramural Research Program, Baltimore, Maryland.

This study was funded by an F. Hoffmann-La Roche Ltd. contract to The Johns Hopkins University. Susan Resnick and Madhav Thambisetty are employees of the NIH, National Institute on Aging.

The authors report no other relevant potential conflict of interest.",full_article,mixed,mixed,gold,0,1,-100,2,b428934e1b0772e382fef396879315ce380b338f,en,6164
fakehealth,news_reviews_00005,Cedars-Sinai Surgeon Uses New Device to Perform First-Ever Surgery,"Newswise — LOS ANGELES (Dec. 5, 2018) - Vascular surgeon Ali Azizzadeh, MD, was the first to use a newly approved, minimally invasive device to perform a series of innovative surgeries on patients with aneurysms of the aorta, the main vessel that delivers blood from the heart to the rest of the body.

“Prior to gaining approval from the Food and Drug Administration, patients with many types of aneurysms and aortic conditions had limited treatment options,” said Azizzadeh, director of Vascular Surgery at the Smidt Heart Institute at Cedars-Sinai. “Now, patients can undergo a minimally invasive procedure to fix complex problems of the aorta without having open surgery.”

The Valiant Navion™ thoracic stent graft system is delivered from a groin blood vessel into the aorta, is positioned above the affected aneurysm, and is deployed under x-ray guidance. Compared to other technologies, the stent graft can travel through smaller, curvy vessels and better adjust to a patient’s anatomy.

Nancy Angelino, the very first patient to undergo the procedure, feels fortunate.

“This was a difficult surgery, but I knew I was in good hands,” said Angelino, 85, of Culver City. “I feel very lucky to have benefited from this new and improved surgical technique and for the great doctors who cared for me. After my recovery, I know I will feel stronger and healthier, and will remain forever grateful.”

Since Angelino’s surgery, Azizzadeh who, in conjunction with medical device company Medtronic, served as the national principal investigator in clinical tests of the device – has performed several additional, successful surgeries.

Aneurysms are weakening, or bulging, of blood vessels that can rupture and become life-threatening. Though aneurysms can happen anywhere in the body, they most commonly happen in the brain, or in the main vessels that lead to the heart, legs and arms.

Risk factors for aneurysms include heredity, smoking, high blood pressure and elevated cholesterol.",full_article,false,false,gold,0,0,-100,2,c309b934e06e79d1bce49b618fca98642b60b82f,en,1986
fakehealth,news_reviews_00006,Vitamin C May Reduce Harm to Infants’ Lungs Caused by Smoking During Pregnancy;,"Newswise — Dec. 7, 2018─Vitamin C may reduce the harm done to lungs in infants born to mothers who smoke during their pregnancy, according to a randomized, controlled trial published online in the American Thoracic Society’s American Journal of Respiratory and Critical Care Medicine.

In “Oral Vitamin C (500 mg/day) to Pregnant Smokers Improves Infant Airway Function at 3 Months: A Randomized Trial,” Cindy T. McEvoy, MD, MCR, and her co-authors report that at three months of age, the infants whose mothers took 500 mg of vitamin C in addition to their prenatal vitamin had significantly better forced expiratory flows (FEFs). FEFs measure how fast air can be exhaled from the lung and are an important measure of lung function because they can detect airway obstruction.

The researchers also discovered an association between the infant FEFs and a genetic variant some of the mothers possessed that appeared to amplify the negative impact of nicotine on the babies before they were born. Other studies have linked this genetic factor, specifically for the α5 nicotinic acetylcholine receptor, to increased risk of lung cancer and obstructive lung disease.

“Smoking during pregnancy reflects the highly addictive nature of nicotine that disproportionately affects the most vulnerable populations,” said Dr. McEvoy, lead study author and professor of pediatrics at Oregon Health & Science University. “Finding a way to help infants exposed to smoking and nicotine in utero recognizes the unique dangers posed by a highly advertised, addictive product and the lifetime effects on offspring who did not choose to be exposed.”

In a previous study, the authors had shown that 72 hours after birth, babies of mothers who smoked had better lung function if their mothers were randomized to vitamin C (500 mg/day) during their pregnancies compared to those born to mothers who smoked and were randomized to placebo. That study used passive methods to measure lung function, and the authors note that FEFs provide a more direct assessment of airway function and are similar to methods used to diagnose lung disease in adults and older children.

In the current study, 251 pregnant women who smoked were randomly assigned at 13 to 23 weeks of gestation to either receive vitamin C (125 women) or a placebo (126 women). Smoking was defined as having had one or more cigarettes in the last week. All participants received smoking cessation counseling throughout the study, and about 10 percent of the women quit smoking during the study.

The researchers wrote that study results support the hypothesis that oxidative stress caused by cigarette smoking reduces the amount of ascorbic acid, a component of vitamin C, available to the body. At the time they enrolled in the study, the women had lower levels of ascorbic acid than have been reported among women who do not smoke. Those levels rose in study participants who received vitamin C to become comparable to women who do not smoke.

Infants in this study will continue to be followed to track their lung function and respiratory outcomes. The authors believe that future trials of vitamin C supplementation in pregnant smokers should determine whether the benefits are greater if the supplementation starts earlier and continues postnatally in the babies themselves.

Summing up the findings of the current study, Dr. McEvoy said that a relatively low dosage of vitamin C may present “a safe and inexpensive intervention that has the potential to help lung health of millions of infants worldwide.”

However, she added, helping mothers quit smoking should remain the primary goal for health professionals and public health officials. “Although vitamin C supplementation may protect to some extent the lungs of babies born to mothers who smoke during pregnancy, those children will still be at greater risk for obesity, behavioral disorders and other serious health issues,” she said.

This study was funded by the National Heart, Lung, and Blood Institute and the Office of Dietary Supplements.

Contact for Media

Tracy Brawly, OHSU Media Relations

brawley@ohsu.edu

Share via Twitter

“For mothers who smoke during pregnancy, vitamin C may reduce harm #smoking causes to their babies’ #lungs, finds new study of #vitaminC supplementation. #Nosmokingduringpregnancy.”

Follow Us

ATS - @atscommunity

AJRCCM - @ATSBlueEditor

About the American Journal of Respiratory and Critical Care Medicine

The AJRCCM is a peer-reviewed journal published by the American Thoracic Society. The Journal takes pride in publishing the most innovative science and the highest quality reviews, practice guidelines and statements in pulmonary, critical care and sleep medicine. With an impact factor of 15.239, it is one of the highest ranked journals in pulmonology. Editor: Jadwiga Wedzicha, MD, professor of respiratory medicine at the National Heart and Lung Institute (Royal Brompton Campus), Imperial College London, UK.

About the American Thoracic Society

Founded in 1905, the American Thoracic Society is the world's leading medical association dedicated to advancing pulmonary, critical care and sleep medicine. The Society’s more than 16,000 members prevent and fight respiratory disease around the globe through research, education, patient care and advocacy. The ATS publishes three journals, the American Journal of Respiratory and Critical Care Medicine, the American Journal of Respiratory Cell and Molecular Biology and the Annals of the American Thoracic Society.

The ATS will hold its 2019 International Conference, May 17-22, in Dallas, Texas, where world-renowned experts will share the latest scientific research and clinical advances in pulmonary, critical care and sleep medicine.",full_article,false,false,gold,0,0,-100,2,63bdd2f3e30b50f9596013ff06b75fd597a38c8f,en,5741
fakehealth,news_reviews_00007,Mayo researchers say oral apixaban safe and effective for treating blood clots in cancer patients,"SAN DIEGO -- Mayo Clinic researchers have found that an oral drug, apixaban, used to treat blood clots in patients undergoing cancer therapy, is safe and effective. The drug was associated with fewer major bleeding events and fewer recurrent blood clots, compared to low-molecular- weight heparin. Their findings were presented at the annual meeting of the American Society of Hematology by Robert McBane II M.D., a Mayo Clinic cardiologist.

""Nearly 1 in 5 patients with cancer will develop a clot in the veins, referred to as either a deep vein thrombosis or pulmonary embolism,"" says Dr. McBane. ""Clotting events can be deadly with pulmonary embolism being the second most common cause of death in cancer patients.""

While twice-daily injections of low-molecular-weight heparin has been the traditional treatment of choice for cancer patients who suffer a venous clot, Dr. McBane notes that there are numerous limitations to this therapy. ""These injections can be painful and cause considerable bruising at the injection site. Injections are expensive at nearly $100 per day. And cancer patients may experience low platelet counts and be at risk for a clotting disorder called 'heparin-induced thrombocytopenia.'"" Dr. McBane noted that cancer and cancer treatment can be associated with kidney injury, which can limit the drug's use further. Finally, Dr. McBane says there isn't is a good antidote for this medication should a bleeding problem arise.

""More recently, a number of new blood thinners called 'direct oral anticoagulants' have become available,"" says Dr. McBane. ""As a class, these drugs have a number of advantages, including oral delivery, lack of interactions with foods or other medications, and the lack of a need for monitoring drug levels."" He says these qualities make this class of drug much easier to use than the traditional blood thinners. However, it was unclear whether these drugs could be used safely in cancer patients until now.

Dr. McBane says quality of life surveys, which were taken monthly throughout the six-month trial, showed that patients markedly preferred oral apixaban over injectable dalteparin. ""We are hopeful that this medication will also improve medication compliance in cancer patients requiring blood thinner therapy.""

###

About Mayo Clinic Cancer Center

As a leading institution funded by the National Cancer Institute, Mayo Clinic Cancer Center conducts basic, clinical and population science research, translating discoveries into improved methods for prevention, diagnosis, prognosis and therapy. For information on cancer clinical trials, call the Clinical Trials Referral Office at 1-855-776-0015 (toll-free).

About Mayo Clinic

Mayo Clinic is a nonprofit organization committed to clinical practice, education and research, providing expert, comprehensive care to everyone who needs healing. Learn more about Mayo Clinic. Visit the Mayo Clinic News Network.",full_article,mixed,mixed,gold,0,1,-100,2,9f6cf02712a0f3d5e4fd8772554d1336daacc58b,en,2923
fakehealth,news_reviews_00008,Extract from soursop leaves can prevent the symptoms of fibromyalgia,"Scientists from the University of Seville indicate that it can lessen the chronic pain, anxiety and depression that accompany this disease

Researchers from the Department of Pharmacology at the University of Seville have recently published a study in which they state that diets supplemented with aqueous extract of Annona muricata L. leaves can prevent the symptoms associated with fibromyalgia, so improving the lives of these patients.

Leaves of the species Annona muricata L. come from a tree of between 4 and 6 metres in height, from the botanical family Annonaceae. They are simple leaves, oblong and egg-like or oblong and elliptical in shape and between 5 and 15 cm in length. This species is native to the tropical areas of the Americas and is especially abundant in the Amazon region. It is usually cultivated for its medicinal use. The leaves have different ethnomedical uses according to their country of origin. The most important uses in traditional medicine, scientifically validated in pre-clinical tests, are for inflammation, pain, infections, diabetes and cancer.

""The consumption of extract of Annona muricata L. leaves in pharmaceutical form and in the correct dosage can reduce the chronic pain, anxiety and depression that accompany this disease. This extract comes from the traditional preparation using decoction"", informs the expert Ana María Quilez from the Medicinal Plants research group at the University of Seville.

This study was carried out over one month using 60 five-week old female rats in the laboratories of the Faculty of Pharmacy. The animals were divided into six groups that were fed a standard diet supplement with different quantities of this plant.

After the results obtained by the researchers, the next step will be to carry out clinical tests with patients, to corroborate the extract's activity and establish the safe and effective dose in humans.

This study was made available online in June 2018 ahead of final publication in print in October 2018.

###",full_article,false,false,gold,0,0,-100,2,dafd99c3e0045ad11723c03c50ee0fd5dd7cde65,en,2011
fakehealth,news_reviews_00009,Pulsed radiofrequency relieves acute back pain and sciatica,"CHICAGO - A minimally invasive procedure in which pulses of energy from a probe are applied directly to nerve roots near the spine is safe and effective in people with acute lower back pain that has not responded to conservative treatment, according to a study being presented today at the annual meeting of the Radiological Society of North America (RSNA).

Lumbar disk herniation is a common, often debilitating, condition that affects the disks that act as cushions between the vertebrae of the lower spine. Herniation occurs where the jelly-like material in the center of the disk bulges through a tear in the disk's tough exterior layer and puts pressure on the roots of the nerves. Herniated disks are often the source of sciatica, or pain that radiates downward from the lower back into the leg.

Conservative treatment options for herniated disks range from over-the-counter pain medications to injections of corticosteroids directly into the affected area of the spine. Those who don't respond may require surgery. In some cases, the entire disk must be removed and the vertebra fused together for stability.

An alternative technique, CT-guided pulsed radiofrequency (pRF), applies energy through an electrode under CT guidance to the portion of the nerve responsible for sending pain signals.

""Pulsed radiofrequency creates a nerve modulation, significantly reducing inflammation and its associated symptoms,"" said study senior author Alessandro Napoli, M.D., Ph.D., professor of interventional radiology at Sapienza University of Rome in Italy.

Dr. Napoli and colleagues studied the approach in patients with back pain from lumbar disk herniation that had not responded to prolonged conservative treatment. In 128 patients, the pRF treatment was delivered directly under CT guidance to the root of the nerve. The treatment was applied for 10 minutes.

For comparison, a group of 120 patients received one to three sessions of CT-guided steroid injection on the same anatomical target with no pRF.

The one-year outcomes demonstrated that CT-guided pRF was superior to the injection-only strategy. Patients who received pRF saw greater overall improvement in pain and disability scores during the first year. Relief of leg pain was faster in patients assigned to pRF, and they also reported a faster rate of perceived recovery. The probability of perceived recovery after one year of follow-up was 95 percent in the pRF group, compared with 61 percent in the injection only group.

""Given our study results, we offer pulsed radiofrequency to patients with herniated disk and sciatic nerve compression whose symptoms do not benefit from conservative therapy,"" Dr. Napoli said.

The results of the study are superior to those typically reported for usual care strategies and injections and may help a substantial number of patients with sciatic disk compression to avoid surgery, Dr. Napoli added.

The use of pRF also could improve outcomes for patients set to receive corticosteroid injections.

""We learned that when pulsed radiofrequency is followed by steroid injection, the result is longer lasting and more efficacious than injection only,"" Dr. Napoli said. ""The effect of pulsed radiofrequency is fast and without adverse events.""

Today, therapy for spine disorders allows for definitive treatment of symptoms and conditions using different techniques and technologies.

""Of the different therapies available, pulsed radiofrequency is among the least invasive,"" Dr. Napoli said. ""Treatment lasts 10 minutes, and one session was enough in a large number of treated patients.""

Co-authors are Roberto Scipione, M.D., Fabrizio Andrani, M.D., Susan Dababou, Cristina Marrocchio, Michele Anzidei, M.D., and Carlo Catalano, M.D.

###

Note: Copies of RSNA 2018 news releases and electronic images will be available online at RSNA.org/press18 beginning Monday, Nov. 26.

RSNA is an association of over 54,000 radiologists, radiation oncologists, medical physicists and related scientists, promoting excellence in patient care and health care delivery through education, research and technologic innovation. The Society is based in Oak Brook, Ill. (RSNA.org)

Editor's note: The data in these releases may differ from those in the published abstract and those actually presented at the meeting, as researchers continue to update their data right up until the meeting. To ensure you are using the most up-to-date information, please contact us.

For patient-friendly information on image-guided therapies, visit RadiologyInfo.org.",full_article,false,false,gold,0,0,-100,2,19ed6818b611d472a0d75031cf5fbea187a99062,en,4541
fakehealth,news_reviews_00010,Electrical stimulation in the nose induces sense of smell in human subjects,"Newswise — Boston, Mass – Physicians at Massachusetts Eye and Ear have, for the first time, induced a sense of smell in humans by using electrodes in the nose to stimulate nerves in the olfactory bulb, a structure in the brain where smell information from the nose is processed and sent to deeper regions of brain. Reporting online today in International Forum of Allergy & Rhinology, the research team describes their results, which provide a proof of concept for efforts to develop implant technology to return the sense of smell to those who have lost it.

“Our work shows that smell restoration technology is an idea worth studying further,” said corresponding author Eric Holbrook, MD, Chief of Rhinology at Mass. Eye and Ear and associate professor of otolaryngology at Harvard Medical School. “The development of cochlear implants, for example, didn’t really accelerate until someone placed an electrode in the cochlea of a patient and found that the patient heard a frequency of some type.”

Smell loss, or anosmia, has an estimated prevalence of 5 percent of the general population. While some cases of anosmia may be treated by caring for an underlying cause (often nasal obstruction, in which odors can’t reach the nerves of the olfactory system due to swelling, polyps or sinus disease), other cases involving damage to the sensory nerves of the nose (i.e. head injury, viruses and aging) are much more complex. There are currently no proven therapies for these cases.

Our sense of smell not only contributes to our enjoyment of life, but also to our daily safety and well being. We rely on our sense of smell to make us aware of smoke in detecting a fire, natural gas leaks and to avoid eating rotten food. In the elderly, of whom there are estimates that greater than 50 percent of the population over the age of 65 has experienced smell loss, it can be difficult to get proper nutrition, as the sensation of flavor is closely tied to the sense of smell, and as flavor diminishes, appetite decreases in this population.

A Cochlear Implant for the Nose

Motivated by work conducted by research colleagues at Virginia Commonwealth University’s School of Medicine, Mass. Eye and Ear physicians wanted to address the question of whether electrical stimulation of the olfactory bulb could induce the sense of smell in human subjects.

The findings described in the International Forum of Allergy & Rhinology report demonstrate this feasibility. In the report, the researchers describe endoscopic procedures to position electrodes in the sinus cavities of five patients with an intact ability to smell. Three patients described sensations of smell (including reports of onions, antiseptic, sour and fruity aromas) as a result of the stimulation.

This breakthrough in human patients opens the door for a “cochlear implant for the nose” to be developed — though the study authors caution that the concept of an olfactory stimulator is more challenging than existing technologies. The most successful neuroprosthesic device in the world, cochlear implants have been on the market for more than three decades to electrically stimulate the auditory nerve to restore hearing in people with profound hearing loss.

“There’s currently so little that we can do for these patients, and we hope to eventually be able to reestablish smell in people who don’t have a sense of smell,” Dr. Holbrook said. “Now we know that electrical impulses to the olfactory bulb can provide a sense of smell — and that’s encouraging.”

In addition to Dr. Holbrook, authors on the International Forum of Allergy & Rhinology study include co-first author Sidharth V. Puram, MD, PhD, of Washington University School of Medicine, Reiner B. See, MD, and Aaron G. Tripp, of Massachusetts General Hospital, and Dinesh G. Nair, MD, of Brigham and Women’s Hospital.

About Massachusetts Eye and Ear

Massachusetts Eye and Ear, founded in 1824, is an international center for treatment and research and a teaching hospital of Harvard Medical School. A member of Partners HealthCare, Mass. Eye and Ear specializes in ophthalmology (eye care) and otolaryngology–head and neck surgery (ear, nose and throat care). Mass. Eye and Ear clinicians provide care ranging from the routine to the very complex. Also home to the world’s largest community of hearing and vision researchers, Mass. Eye and Ear has pioneered new treatments for blindness, deafness and diseases of the head and neck. Our scientists are driven by a mission to discover the basic biology underlying these conditions and to develop new treatments and cures. In the 2018-2019 ""Best Hospitals Survey,"" U.S. News & World Report ranked Mass. Eye and Ear #4 in the nation for eye care and #6 for ear, nose and throat care. For more information about life-changing care and research at Mass. Eye and Ear, please visit our blog, Focus, and follow us on Twitter and Facebook.

SEE ORIGINAL STUDY",full_article,mixed,mixed,gold,0,1,-100,2,6ef6e5e75d9696087fca2b38532d1157b646d223,en,4922
fakehealth,news_reviews_00011,MRI scans shows promise in predicting dementia,"One day, MRI brain scans may help predict whether older people will develop dementia, new research suggests.

In a small study, MRI brain scans predicted with 89 percent accuracy who would go on to develop dementia within three years, according to research at Washington University School of Medicine in St. Louis and the University of California San Francisco.

The findings, presented Sunday, Nov. 25 at the Radiological Society of North America meeting in Chicago, suggest that doctors may one day be able to use widely available tests to tell people their risk of developing dementia before symptoms arise.

""Right now it's hard to say whether an older person with normal cognition or mild cognitive impairment is likely to develop dementia,"" said lead author Cyrus A. Raji, MD, PhD, an assistant professor of radiology at Washington University's Mallinckrodt Institute of Radiology. ""We showed that a single MRI scan can predict dementia on average 2.6 years before memory loss is clinically detectable, which could help doctors advise and care for their patients.""

Alzheimer's disease is a progressive, irreversible brain disorder that destroys memory and thinking skills. The disease affects 5.5 million Americans, according to the National Institutes of Health (NIH).

Neurologists can get a ballpark estimate of a patient's risk of Alzheimer's dementia using the Mini-Mental State Examination questionnaire, or by testing for the high-risk form of the gene ApoE, which increases a person's risk of Alzheimer's by up to 12-fold. Both tests were about 70 to 80 percent accurate in this study. Other assessments, such as PET scans for plaques of Alzheimer's proteins in the brain, are good at detecting early signs of Alzheimer's disease, but available to few patients. PET scans cost thousands of dollars and require radioactive materials not found in a typical hospital.

MRI brain scans are widely available and give doctors a glimpse into what's going on inside a person's brain. Raji and colleagues at the School of Medicine including Tammie Benzinger, MD, PhD, a professor of radiology, Parinaz Massoumzadeh, PhD, and Adedamola Adedokun, as well as radiologist Pratik Mukherjee, MD, PhD, of the University of California San Francisco, analyzed MRI scans for physical signs of impending cognitive decline.

They used a technique called diffusion tensor imaging to assess the health of the brain's white matter, which encompasses the cables that enable different parts of the brain to talk to one another.

""Diffusion tensor imaging is a way of measuring the movement of water molecules along white matter tracts,"" Raji said. ""If water molecules are not moving normally it suggests underlying damage to white tracts that can underlie problems with cognition.""

Using information from the Alzheimer's Disease Neuroimaging Initiative - a multisite collaboration that pools data, funding and expertise to improve clinical trials for Alzheimer's disease - Raji and colleagues identified 10 people whose cognitive skills declined over a two-year period and matched them by age and sex with 10 people whose thinking skills held steady. The average age of people in both groups was 73. Then, the researchers analyzed diffusion tensor MRI scans taken just before the two-year period for all 20 people.

The researchers found that people who went on to experience cognitive decline had significantly more signs of damage to their white matter. The researchers repeated their analysis in a separate sample of 61 people, using a more refined measure of white matter integrity. With this new analysis, they were able to predict cognitive decline with 89 percent accuracy when looking at the whole brain. When the researchers focused on specific parts of the brain most likely to show damage, the accuracy rose to 95 percent.

""We could tell that the individuals who went on to develop dementia have these differences on diffusion MRI, compared with scans of cognitively normal people whose memory and thinking skills remained intact,"" Raji said. ""What we need now, before we can bring it into the clinic, is to get more control subjects and develop computerized tools that can more reliably compare individual patients' scans to a baseline normal standard. With that, doctors might soon be able to tell people whether they are likely to have Alzheimer's develop in the next few years.""

Although there are no drugs available yet to prevent or delay the onset of Alzheimer's disease, identifying those at high risk of developing dementia within the next few years could still be beneficial, the researchers said. People could make decisions on their financial and living arrangements while they are still in full control of their faculties.

###",full_article,mixed,mixed,gold,0,1,-100,2,129b782ee0bfdbd3ff21f78772a48e8b7aeca81b,en,4743
fakehealth,news_reviews_00012,New blood test detects early stage ovarian cancer,"Research on a bacterial toxin first discovered in Adelaide has led to the development a new blood test for the early diagnosis of ovarian cancer - a disease which kills over 1000 Australian women and 150,000 globally each year.

The new blood test has the potential to dramatically improve early detection of the disease, although it will require further testing before it is available for clinicians.

A research team from the University of Adelaide and Griffith University have been studying the interactions between the toxin and an abnormal glycan (sugar) expressed on the surface of human cancer cells and released into the blood.

The team has now engineered a harmless portion of the toxin to enhance its specificity for the cancer glycan and used this to detect it in blood samples from women with ovarian cancer.

A paper published this month in Biochemical and Biophysical Research Communications has shown that the new test detected significant levels of the cancer glycan in blood samples from over 90% of women with stage 1 ovarian cancer and in 100% of samples from later stages of the disease, but not in any of the samples from healthy controls.

""Ovarian cancer is notoriously difficult to detect in its early stages, when there are more options for treatment and survival rates are better. Our new test is therefore a potential game changer,"" says Professor James Paton, Director of the University of Adelaide's Research Centre for Infectious Diseases.

Professor Michael Jennings, Deputy Director of the Institute for Glycomics at Griffith University, said: ""Detection of this tumour marker may also play a role in a simple liquid biopsy to monitor disease stage and treatment.""

The team is currently seeking scientific and commercial partners to further test the technology with larger numbers of patient samples and to adapt it for mass screening.

###",full_article,false,false,gold,0,0,-100,2,8a3ecc35d2e366b0026eeb014646bc58c77b7a60,en,1874
fakehealth,news_reviews_00013,"Can't exercise? A hot bath may help improve inflammation, metabolism, study suggests","Rockville, Md. (November 15, 2018)--Hot water treatment may help improve inflammation and blood sugar (glucose) levels in people who are unable to exercise, according to a new study. The findings are published ahead of print in the Journal of Applied Physiology.

Physical stress such as exercise can cause the short-term elevation of inflammatory markers. After exercise, the level of an inflammatory chemical (IL-6) rises. In a process called the inflammatory response, this activates the release of anti-inflammatory substances to combat unhealthily high levels of inflammation, known as chronic low-grade inflammation. Recent research has shown that raising body temperature augments the inflammatory response and provides a rationale for identifying exercise alternatives that reduce low-grade inflammation in the body. Previous studies have also found a connection between a spike in body temperature and nitric oxide production, a substance that aids blood flow and helps carry glucose throughout the body.

Researchers studied markers of inflammation and blood sugar and insulin levels in a group of sedentary, overweight men. The volunteers participated in both hot-water immersion and ambient room temperature (control) trials separated by at least three days. The researchers took blood samples before and after the participants rested in an 80-degree F room for 15 minutes. After the rest period, the participants either remained seated in the room or entered a hot-water bath for 60 minutes. In the hot water trial, the volunteers sat immersed up to their necks in 102-degree F water. The research team measured the men's heart rate, blood pressure and body temperature every 15 minutes throughout both the control and immersion conditions. Blood samples were taken again two hours after each session.

The researchers found that a single hot-water immersion session causes the elevation of Il-6 levels in the blood and increased nitric oxide production, but did not change the expression of heat shock protein 72--another protein suggested to be important for health. However, a two-week treatment period in which the men participated in daily hot-water baths showed a reduction of fasting blood sugar and insulin levels as well as improved low-grade inflammation at rest.

The men reported a level of discomfort during the hot water immersion trial, which could be due to the high temperature of the water or the length of time they were required to remain immersed. The researchers acknowledge that these conditions may make it difficult for people to commit to this type of alternative treatment. However, the positive results of decreased inflammation and improved insulin sensitivity suggest that hot-water immersion may ""improve aspects of the inflammatory profile and enhance glucose metabolism in sedentary, overweight males and might have implications for improving metabolic health in populations unable to meet the current physical activity recommendations,"" the researchers wrote.

###

Read the full article, ""The acute and chronic effects of hot water immersion on inflammation and metabolism in sedentary, overweight adults,"" published ahead of print in the Journal of Applied Physiology.

NOTE TO JOURNALISTS: To schedule an interview with a member of the research team, please contact the communications@the-aps.org"">APS Communications Office or 301-634-7314. Find more research highlights in the APS Press Room.

Physiology is the study of how molecules, cells, tissues and organs function in health and disease. Established in 1887, the American Physiological Society (APS) was the first U.S. society in the biomedical sciences field. The Society represents more than 10,000 members and publishes 15 peer-reviewed journals with a worldwide readership.",full_article,false,false,gold,0,0,-100,2,3fa05637c5868f1c6ed261e307065699da21f5b0,en,3784
fakehealth,news_reviews_00014,First-ever prostate cancer treatment uses gold nanoparticles to destroy tumorous cells,"Newswise — HOUSTON – (Nov. 8, 2018) A small clinical trial using gold nanoparticles that act as tumor-seeking missiles on a mission to remove prostate cancer has begun at The University of Texas Health Science Center at Houston (UTHealth). It is the first trial of its kind in the world.

The nanoparticles, or nanoshells, are made of small layers of silica glass formed into a sphere and wrapped in a thin layer of gold. The shells seek out and saturate cancerous cells, and their advanced vibrational properties are then harnessed to cause the tumorous tissue to pulse with extreme temperature when light is applied through a laser specifically designed to excite the particles. The oscillation kills the cancer cells while preserving the healthy tissue, avoiding the nerves and urinary sphincter. This procedure is the first in the world that is precise enough to potentially avoid negative ramifications like urinary incontinence or sexual impotency.

“This therapy could be life-changing for men diagnosed with prostate cancer and I’m honored to be among the first doctors the U.S. Food and Drug Administration approved to put it to the test,” said Steven Canfield, M.D., chair of the division of urology at McGovern Medical School at UTHealth, who recognized the possibility of the nanoparticles to treat prostate cancer and helped developed the trial to test the theory.

Prostate cancer begins when cells in a man’s prostate gland mutate and start to grow uncontrollably. Other than skin cancer, prostate is the most common cancer in American men, with an estimated 1 out of 9 men diagnosed. The American Cancer Society estimates 29,430 men died from the disease in 2018 alone.

Treatment options have traditionally included radical prostatectomy, which is the removal of the prostate gland and some of the tissue around it, radiation therapy and cryotherapy, among others. These methods carry the potential to have a negative impact on urinary function and sexual performance.

“The side effects of current prostate cancer treatments can be extremely traumatic. This new technology holds the potential to eliminate those life-altering effects, while still removing the cancer tissue and reducing hospital and recovery time,” Canfield said. “In fact, the first patient in the trial was actually riding a bike within a week of his treatment. The fusion of MRI and ultrasound imaging technology that we use to accurately identify and diagnose the cancer, combined with the extreme precision of the gold nanoshells in targeting the diseased cells, allows us to be incredibly accurate at obliterating them. I am excited as we continue tracking the progress of this groundbreaking improvement to prostate cancer care.”

Doug Flewellen, the first patient in Texas to receive the new method of care, says for him, the procedure was a no-brainer.

“No man wants to go through radical removal, and I knew active monitoring could have potentially aggravated the cancer,” Flewellen said. “The side effects of traditional treatment were not worth it to me, and I wasn’t afraid to try the most cutting-edge technology. Looking back, the experience was even better than I was expecting, and I hope to see nanoparticle therapy advance into an option for anyone diagnosed with prostate cancer in the future.”

The gold nanoparticles were invented by Naomi Halas, the head of Rice University’s Laboratory for Nanophotonics. Canfield worked closely with Halas and Nanospectra Biosciences, the company where the shells are licensed, to incorporate the state-of-the-art technology into the trial that is also underway at the Icahn School of Medicine at Mount Sinai and the University of Michigan to test the efficacy of the therapy.

To see the requirements and learn more about the trial, visit: https://clinicaltrials.gov/ct2/show/NCT02680535.

About UTHealth

Established in 1972 by The University of Texas System Board of Regents, The University of Texas Health Science Center at Houston (UTHealth) is Houston’s Health University and Texas’ resource for health care education, innovation, scientific discovery and excellence in patient care. The most comprehensive academic health center in the UT System and the U.S. Gulf Coast region, UTHealth is home to Jane and Robert Cizik School of Nursing, John P. and Kathrine G. McGovern Medical School, and schools of biomedical informatics, biomedical sciences, dentistry and public health. UTHealth includes The University of Texas Harris County Psychiatric Center, as well as the growing clinical practices UT Physicians, UT Dentists and UT Health Services. The university’s primary teaching hospitals are Memorial Hermann-Texas Medical Center, Children’s Memorial Hermann Hospital and Harris Health Lyndon B. Johnson Hospital. For more information, visit www.uth.edu.",full_article,false,false,gold,0,0,-100,2,32c2c7ad8d6d9267db89a4baa96a6d93a5769615,en,4807
fakehealth,news_reviews_00015,Fecal transplant effective against immunotherapy-induced colitis,"Newswise — HOUSTON ― For the first time, transplanting gut bacteria from healthy donors was used to successfully treat patients suffering from severe colitis caused by treatment with immune checkpoint inhibitors (ICIs). The study from The University of Texas MD Anderson Cancer Center, which includes two patients, suggests fecal microbiota transplantation (FMT) is worth investigating in clinical trials as a therapy for this common side effect of immunotherapy.

The research, led by Yinghong Wang, M.D., Ph.D., assistant professor of Gastroenterology, Hepatology & Nutrition and director of Medication Induced Colitis and Enteritis, was published today in Nature Medicine.

“The resolution of colitis in these patients can be confirmed clinically and endoscopically after FMT treatment,” said Wang. “Based on these results, this should be evaluated even as a first-line therapy for ICI-associated colitis because it’s safe, quick, and the effect is durable - from one treatment.”

Immune checkpoint inhibitors, which release a block on the immune system to attack cancer, have been successful in providing durable responses for patients with several cancer types. However, these treatments are often associated with significant immune-related toxicities.

Colitis, inflammation of the colon, is the second most common side effect from ICIs, occurring in up to 40 percent of patients, explained Wang. When ICI-associated colitis is severe, guidelines require a patient to stop ICI treatment until the colitis is in remission.

“If the patient is a good responder to immunotherapy, that means you’ve taken their effective treatment away,” said Wang. “We have a limited amount of time to fix the problem so they can resume ICI treatment, but I feel that we’ve made great progress in this area.”

The researchers chose to investigate the potential for FMT as an alternative, compassionate-use therapy for patients suffering from refractory, or unresponsive, ICI-associated colitis. The two patients included in the study were treated at MD Anderson between June 2017 and January 2018.

FMT has shown promise in treating other types of gastrointestinal diseases, such as recurrent Clostridium difficile infection and inflammatory bowel disease (IBD), which shares many clinical and molecular characteristics with ICI-associated colitis. These conditions typically are treated with steroids and targeted immunosuppressive agents, which result in additional severe side effects and can counteract the effects of immunotherapy.

Both patients in the study had a complete resolution of their colitis following treatment with FMT. The first patient’s colitis resolved within two weeks following a single FMT treatment; the second patient experienced a partial recovery after the first treatment, followed by complete recovery after a second FMT. With endoscopic evaluation before and after treatment, both patients displayed significant improvements in inflammation and ulcerations, including a reduction of inflammatory immune cells.

Pre- and post-treatment stool analyses revealed patients’ gut microbiomes to be most similar to the donor immediately after treatment, with less resemblance to the donor over time. Still, post-treatment gut bacteria remained distinct from their own pre-treatment microbiome. Additionally, distinct new populations of bacterial species were evident in these patients following FMT compared to pre-treatment samples, including several species known to be protective or reduce inflammation.

The authors acknowledge significant limitations to this study based on the very small cohort, and they plan to pursue clinical trials to investigate the effectiveness of FMT in treating ICI-associated colitis as compared with standard immunosuppressive therapy. FMT continues to be offered to MD Anderson patients on a compassionate-use basis.

Previous MD Anderson research showed that bacteria in the gut influence patient response to ICI therapy, and other evidence suggests modifying the microbiome in mice can alter their response to immunotherapy. The current data further suggests there is the potential for many molecular studies to better understand the role of the microbiome in driving ICI-colitis and immunotherapy response more broadly.

The study was supported by the Andrew Sabin Family Fellowship Program; the American Association for Cancer Research – Stand Up to Cancer; the National Institutes of Health (CA219896-01A1, HL124112); the Cancer Prevention & Research Institute of Texas; and the Melanoma Moon Shot™, part of MD Anderson’s Moon Shots Program™, a collaborative effort to accelerate the development of scientific discoveries into clinical advances that save patients’ lives

In addition to Wang, other MD Anderson authors include: Diana Wiesnoski, Christopher Sanchez, and Chia-Chi Chang, Ph.D., all of Genomic Medicine; Beth Helmink, M.D., Ph.D., and Vancheswaran Gopalakrishnan, Ph.D., both of Surgical Oncology; Hamzah Abu-Sbeih, M.D., Gottumukkala Raju, M.D., and John Stroehlein, M.D., all of Gastroenterology, Hepatology & Nutrition; Edwin Parra, M.D., Ph.D., and Alejandro Francisco-Cruz, Ph.D., both of Translational Molecular Pathology; Matthew Campbell, M.D., Jianjun Gao, M.D., Ph.D., and Sumit Subudhi, M.D., Ph.D., all of Genitourinary Medical Oncology; Dipen Maru, M.D., of Pathology; Jorge Blando, DVM, and James Allison, Ph.D., both of Immunology; Padmanee Sharma, M.D., Ph.D., of Genitourinary Medical Oncology and Immunology; Michael Tetzlaff, M.D., Ph.D., of Translational Molecular Pathology and Pathology; Jennifer Wargo, M.D., of Genomic Medicine and Surgical Oncology; and Robert Jenq, M.D., of Genomic Medicine and Stem Cell Transplantation. Additional authors include Kati Choi, M.D., Baylor College of Medicine, Houston; Hebert DuPont, M.D., UTHealth School of Public Health and Kelsey Research Foundation, Houston; and Zhi-Dong Jiang, Dr.Ph., UTHealth School of Public Health, Houston.

- 30 -",full_article,false,false,gold,0,0,-100,2,6b4c024a6631db2588482b5f1c57479c3476412f,en,5967
fakehealth,news_reviews_00016,"Mailed HPV tests can help find women at-risk for cervical cancer, study finds","CHAPEL HILL - University of North Carolina Lineberger Comprehensive Cancer Center researchers have found that mailing self-collection kits to test for high-risk human papillomavirus infection has the potential to boost cervical cancer screening - especially for low-income women who are overdue for testing.

In the journal Obstetrics & Gynecology, researchers published the results of mailing at-home, HPV self-collection kits to 193 low-income women in North Carolina who were overdue for screening according to national guidelines. They reported this screening approach detected high-risk HPV in all of the cases of women who were found to have high-grade, abnormal cervical precancerous growths, showing that self-collection at home for HPV may be a viable method to identify women at high-risk for cervical cancer.

""This is a demonstration that mailing self-collection kits and returning them to test for high-risk HPV infection has big potential to increase screening access among under-screened women, and to do that successfully,"" said UNC Lineberger's Jennifer S. Smith, the study's senior author, and a professor in the UNC Gillings School of Global Public Health.

Although cervical cancer is preventable through early detection and treatment, the American Cancer Society estimates that more than 4,100 women will die from cervical cancer in the United States this year. Nearly 20 percent of women in the United States who are eligible for cervical cancer screening report they haven't been tested for cervical cancer within the recommended time interval, national surveys have shown.

""Women are dying unnecessarily of cervical cancer because they either haven't been vaccinated against HPV in adolescence, or they've not been getting screened according to national guidelines,"" Smith said. ""Increasing screening rates among under-screened women is of paramount importance.""

In 2014, the U.S. Food and Drug Administration signed off on using an HPV test alone to screen for cervical cancer for women 25 years and older, in conjunction with the Pap test. Earlier this year, the U.S. Preventive Services Task Force gave an ""A"" rating to HPV primary screening alone for women aged 30 to 65.

""There are a lot of different barriers that cause women to be underscreened,"" said the study's first author Andrea Des Marais, MPH, project manager with the UNC Gillings School of Global Public Health. ""HPV tests are being widely used now in the United States, but only through physician collection in clinical practice, which requires that women come to a clinic. Offering HPV testing using self-collection by mail has a lot of potential to reach women who are the highest risk of being screened: those who don't access regular medical care.""

For the study, researchers mailed at-home, self-collection kits to low-income women in North Carolina who were overdue for screening by national guidelines. They included women between the ages of 30 and 64 years who had reported no history of receiving a Pap test, which checks for precancerous or cancerous cells, within the past four years.

Researchers provided study participants with self-collection brushes along with instructions for how to take a sample from inside the vagina. The brush samples were then tested in a lab for HPV and other sexually transmitted infections. Participants also self-collected samples at a clinic and handed them to a nurse, and had a pelvic exam for a clinician to collect a Pap smear sample.

The researchers compared the results from self- and clinician-samples - which were tested for high-risk HPV strains that are linked to cervical cancer - to the Pap results and the results of cervical biopsies collected during colposcopy, which is a secondary diagnostic test that confirms the presence of cervical pre-cancerous lesions among women with abnormal Pap smear results.

The home self-collection test indicated that 12.4 percent of women were infected with high-risk HPV, the self-collection tests used in the clinic found 15.5 of the women had high-risk HPV infection, and the clinician-collected test identified 11.4 percent of the women had high-risk HPV infection.

""We found comparable detection between self-collection and physician-collection,"" Des Marais said.

All women found to have high-grade cervical lesions by Pap smear or by cervical biopsy were positive for high-risk HPV on their home self-collected sample.

""We found in this sample, all of the women who had high-grade lesions had HPV-positive home self-collection results,"" Smith said. ""We didn't miss any of those high-grade cases by conducting home self-collection.""

Smith said there is more work to be done, such as identifying ways to make the self-collection process more efficient and cost-effective, and getting FDA approval for the clinical use of self-collection for cervical cancer screening.

""This is a proof-in-principle study that we used to determine whether home self-collection is highly effective for detecting high-grade disease,"" Smith said. ""We are already working on the next step, which is a clinical trial in which women who aren't up-to-date on screening get either a referral to a free clinic appointment to receive a screening, or receive a self-collection kit in the mail, followed by referral to a free clinic appointment. This will allow us to determine the effect that self-collection has on screening uptake.""

###

In addition to Des Marais and Smith, other authors included Yuqian Zhao, Marcia M. Hobbs, Vijay Sivaraman, Lynn Barclay, and Noel T. Brewer.

The study was supported by the National Cancer Institute, the National Institutes of Health, and the University Cancer Research Fund. Individual researchers were supported by the China Scholarship Council.

Financial disclosure: High-risk HPV and sexually transmitted disease tests, sample preservation media, ThinPrep processor slides, and other equipment were donated by Hologic, Inc. Self-collection brushes were donated by Rovers Medical Devices. Some travel expenses for Des Marais were paid by Hologic, and others have consulted for the company. Smith has received research funding, supply donations, and consultancies, and served as a paid speaker for Arbor Vita, BD Diagnostics, Hologic, Rovers Medical Devices, and Trovagene. Neither Hologic nor Rovers had input into the research design, analysis or interpretation of results.",full_article,true,true,gold,0,2,-100,2,1786c969837995a5d411dfc7c39ccb585c28cf2b,en,6390
fakehealth,news_reviews_00017,Fermented dairy products may protect against heart attack,"Men who eat plenty of fermented dairy products have a smaller risk of incident coronary heart disease than men who eat less of these products, according to a new study from the University of Eastern Finland. A very high consumption of non-fermented dairy products, on the other hand, was associated with an increased risk of incident coronary heart disease. The findings were published in the British Journal of Nutrition.

Earlier studies have shown that fermented dairy products have more positive effects on blood lipid profiles and on the risk of heart disease than other dairy products. Examples of fermented dairy products include cheese, yoghurt, quark, kefir and sour milk. However, research into the topic remains scarce.

The Kuopio Ischaemic Heart Disease Risk Factor Study ongoing at the University of Eastern Finland explored the associations of fermented and non-fermented dairy products with the risk of incident coronary heart disease. Approximately 2,000 men participated in the study. Their dietary habits were assessed at the beginning of the study in 1984-1989, and they were followed up for an average of 20 years. During this follow-up, 472 men experienced an incident coronary heart disease event.

The study participants were divided into groups on the basis of how much they ate different dairy products, and the researchers compared the groups with the highest and lowest consumption, while also taking various lifestyle and nutrition factors into consideration.

When the study participants were divided into four groups on the basis of their consumption of fermented dairy products with less than 3.5% fat, the risk of incident coronary heart disease was 26% lower in the highest consumption group compared to the lowest consumption group. Sour milk was the most commonly used low-fat fermented dairy product. The consumption of high-fat fermented dairy products, such as cheese, was not associated with the risk of incident coronary heart disease.

However, the researchers found that a very high consumption on non-fermented dairy products was associated with an increased risk of incident coronary heart disease. Milk was the most commonly used product in this category, and a very high consumption was defined as an average daily milk intake of 0.9 litres. Lower consumption levels were not associated with the risk.

""Here in Finland, people's habits of consuming different dairy products have changed over the past decades. For instance, the consumption of milk and sour milk have declined, while many fermented dairy products, such as yoghurt, quark and cheeses, have gained in popularity,"" Adjunct Professor Jyrki Virtanen from the University of Eastern Finland says.

The new study provides further evidence on the health benefits that fermented dairy products may have over non-fermented ones. All the mechanisms are not understood yet, but they may be linked to compounds forming during the fermentation process.

###

For further information, please contact:

Jyrki Virtanen, PhD, Adjunct Professor in Nutrition Epidemiology (principal investigator). University of Eastern Finland, Institute of Public Health and Clinical Nutrition, tel. +3582944 54542

jyrki.virtanen@uef.fi",full_article,false,false,gold,0,0,-100,2,daa655a6110d21e63429921492b9738a9ed7f0af,en,3215
fakehealth,news_reviews_00019,Aspirin alone a good clot buster after knee surgery,"When it comes to preventing blood clots after a knee replacement, good old aspirin may be just as effective as newer, more expensive drugs.

That swap could help reduce the cost of caring for the nearly 1 million Americans who have a knee fixed each year, Michigan Medicine researchers say.

After knee surgery, there's a risk of blood clots in the legs or lungs. So it's routine for patients to take clot-preventing drugs for some time afterward.

Some doctors choose powerful anti-clotting drugs like heparin (Lovenox) and rivaroxaban (Xarelto), but it hasn't been clear whether these expensive prescription drugs work any better than cheap, readily available aspirin.

""Aspirin alone may provide similar protection compared to anticoagulation treatments,"" says Brian R. Hallstrom, M.D., an orthopaedic surgeon and associate chair for quality and safety at the University of Michigan Department of Orthopaedic Surgery.

Hallstrom is the lead author of a new study published in JAMA Surgery that found few patients developed a blood clot after surgery, and those patients on aspirin fared just as well as those on anticoagulants.

Aspirin use growing

During the two-year study period from 2013 to 2015, aspirin use rose from 10 percent to 50 percent among the patients cared for by orthopaedic surgeons in the Michigan Arthroplasty Registry Collaborative Quality Initiative, a statewide effort to give patients the best possible recovery and outcomes after hip and knee replacements.

Since then, the shift has become even more distinct: Aspirin prescribing has risen to 70 percent among Michigan surgeons, says Hallstrom, who is co-director of the initiative and a health services researcher at U-M's Institute for Healthcare Policy and Innovation.

Based on the experience of 41,537 Michigan patients undergoing knee replacement, the study may further the debate about the routine use of aspirin for clot prevention.

A recent Canadian study looked at the issue, but the analysis had a caveat: Each of the more than 3,400 clinical trial patients received rivaroxaban the first five days after surgery. After that, they continued with the drug or switched to aspirin.

The new U-M study suggests patients may be adequately protected if they take aspirin alone from day one.

""This study is truly a real-world experience of what happened in Michigan when the majority of surgeons switched to aspirin,"" Hallstrom says. ""The incidence of blood clots, pulmonary embolus and death did not increase despite this dramatic change in practice.""

Shifting procedure and dialogue

Over the past decade, surgeons have turned away from powerful anticoagulants and toward aspirin used in addition to nondrug improvements such as compression devices for thwarting clots.

These days, most patients have a generally low risk of blood clots after knee replacement for a number of reasons. Those reasons include shorter surgical times, less invasive procedures and use of regional anesthesia that allows early mobilization after surgery, Hallstrom says. Some patients are even going home the same day.

""The most important way to prevent blood clots is getting moving,"" says Hallstrom, noting that people are at risk for blood clots when they sit or lie in one position for too long, such as on an airplane or a hospital bed.

Still, pharmaceutical recommendations vary.

The critical care specialists who make up the American College of Chest Physicians favor heparin to reduce the risk of blood clots, while the American Academy of Orthopaedic Surgeons guidelines state that no one drug is better than another for preventing clots.

Advantages of aspirin

The U-M study involved patients undergoing knee replacement surgery at any of the 29 Michigan hospitals in the surgical quality group. One-third of the patients took aspirin alone; 54 percent took only an anticoagulant; and 13 percent took an aspirin/anticoagulant combination.

Over three months, just 1.16 percent of aspirin patients developed a serious blood clot. That was true for 1.42 percent of anticoagulant patients, according to the Michigan study. This was not statistically different.

So, neither drug appeared better than the other -- but aspirin has some obvious advantages.

""Aspirin is easy to take and much less expensive,"" Hallstrom says. ""Patients can get it over the counter for pennies, while the other anticoagulants require monitoring, injections, frequent dose adjustments and are extremely expensive.""

The reported cost for a 30-day supply of rivaroxaban is approximately $379 to $450; heparin is estimated at $450 to $890. Although warfarin costs a few dollars for a 30-day supply, its cost approaches that of the other anticoagulants when doctor visits for monitoring are factored in, Hallstrom says.

In contrast, aspirin costs approximately $2 a month.

The study suggests most patients can have just aspirin without increasing the risk for venous thromboembolism, but doctors need to consider factors such as a patient's history of clots, obesity and ability to mobilize after surgery when determining the best measure for clot prevention, Hallstrom adds.

###",full_article,true,true,gold,0,2,-100,2,c89ed405de07f94f56ecb6345bec00c3bd674b91,en,5135
fakehealth,news_reviews_00020,Surgery technique reduces strokes in atherosclerosis patients,"LOS ANGELES (Embargoed Until Oct. 18, 2018 @ 10:05AM ET) -- A surgical technique called EDAS (encephaloduroarteriosynangiosis) significantly decreases the rate of stroke recurrence and death for patients with severe atherosclerosis of the brain arteries, according to findings of a Phase IIa clinical trial presented today at the World Stroke Congress in Montreal. Atherosclerotic disease, in which plaque buildup narrows the brain arteries, is one of the most common causes of strokes.

Neurosurgeons performing EDAS reroute arteries from the scalp and the membranes that cover the brain and place these arteries under the skull near areas of the brain at risk of stroke. Over time, new blood vessels form, creating fresh pathways for blood and oxygen to reach the brain.

The trial, led by Nestor R. Gonzalez, MD, professor of Neurosurgery and director of the Neurovascular Laboratory at Cedars-Sinai, enrolled 52 patients with severe brain atherosclerosis, also known as intracranial atherosclerotic disease, or ICAD, who showed symptoms of either a recent stroke or a mini-stroke, called a transient ischemic attack. These patients received EDAS surgery, along with intensive medical management, which included diet and lifestyle changes, blood thinners and other medications to control blood pressure, cholesterol and blood sugar levels.

After one year, 9.6 percent of the patients treated with the surgery experienced another ischemic stroke or died, compared with 21.2 percent of patients in a matched control group who received only intensive medical management. Two of the EDAS patients had small wound openings that required additional surgical interventions, but there were no intracranial hemorrhages or other serious adverse events, the researchers reported.

""Our findings in this intermediate-stage trial are promising for applying EDAS surgery to intracranial atherosclerotic disease,"" said Gonzalez said. Previously, EDAS has been used for moyamoya disease, a rare cerebrovascular disorder that affects younger patients.

Gonzalez said the new trial addressed a serious medical need. ""Even under the best current treatments, ICAD carries high rates of recurrent stroke and death, compared with other causes of stroke,"" he said. ""Developing new therapeutic strategies is crucial for ICAD patients.""

Current ICAD therapies--in addition to intensive medical management--include bypass surgery to connect a blood vessel from outside the brain to a vessel inside the brain, as well as angioplasty with stenting, which involves inflating a tiny balloon inside a cerebral artery to open it up and placing a stent device inside the artery. Despite advances in medical care, annual rates of recurrent stroke and death are remain high, at 15 percent or more for ICAD patients, according to published research.

Gonzalez said his team is working with the stroke prevention working group of the National Institutes of Health to develop a proposal for a Phase III randomized clinical trial across multiple institutions to further test the effectiveness of EDAS as compared with intensive medical management. While this Phase IIa trial selected patients from previous studies as the control group, the Phase III study would enroll new ICAD patients for both the control and experimental groups, he explained.

""This clinical trial moves us significantly closer to preventing strokes and death in high-risk populations,"" said Keith Black, MD, professor and chair of the Department of Neurosurgery. ""As a nationally renowned physician-investigator, Dr. Gonzalez personifies the dedication of Cedars-Sinai to translating the most advanced research into new cures.""

###

Besides Gonzalez, the trial involved other investigators from the stroke centers of Cedars-Sinai and UCLA.

Funding: Research reported in this publication was supported by the National Institutes of Neurological Disorders and Strokes of the National Institutes of Health under award number K23NS079477-01A1.",full_article,mixed,mixed,gold,0,1,-100,2,8a1aeecc05b5bd93335a5f1b6a0c8ebbcee519b1,en,3980
fakehealth,news_reviews_00021,Distinguishing fatal prostate cancer from 'manageable' cancer now possible,"Scientists at the University of York have found a way of distinguishing between fatal prostate cancer and manageable cancer, which could reduce unnecessary surgeries and radiotherapy.

A recent study showed that more than 25 men were being unnecessarily treated with surgery or radiotherapy, for every single life saved. It is believed that success rates could be hindered as a result of treating all prostate cancers in the same way.

A team at the University of York and the University of British Columbia, Canada, however, have designed a test that can pick out life-threatening prostate cancers, with up to 92% accuracy.

Professor Norman Maitland, from the University of York's Department of Biology, said: ""Unnecessary prostate treatment has both physical consequences for patients and their families, but is also a substantial financial burden on the NHS, where each operation will cost around £10,000.

""Cancers that are contained in the prostate, however, have the potential to be 'actively monitored' which is not only cheaper, but has far fewer negative side-effects in patients with non-life threatening cancer.""

It is now understood that to find the different levels of cancer, scientists have to identify genes that have been altered in different cancer types. The team analysed more than 500 cancer tissue samples and compared them with non-cancer tissue to search for patterns of a chemical group that is added to part of the DNA molecule, altering gene expression.

A person's age, what they eat and how they sleep, for example, impacts on chemical alterations to genes and which ones are turned on and off. This is part of the normal functioning of the human body and can tell individuals apart, but the process can sometimes go wrong, resulting in various diseases.

Professor Maitland said: ""In some diseases, such as cancer, genes can be switched to an opposite state, causing major health issues and threat to life.

""The challenge in prostate cancer is how to look at all of these patterns within a cell, but hone in on the gene activity that suggests cancer, and not only this, what type of cancer - dangerous or manageable?

""To put it another way: how to do we distinguish the tiger cancer cells from the pussycat cancer cells, when there are millions of patterns of chemical alterations going on, many of which will be perfectly healthy?""

The team needed to eliminate the 'noise' of the genetic patterns that make individuals unique, to leave them with the patterns that indicate cancer. They were able to do this using a computer algorithm, which left the team with 17 possible genetic markers for prostate cancer.

Dr Davide Pellacani, who began these studies in York, before moving to the University of British Columbia, said: ""Using this computer analysis, not only could we see which tissue samples had cancer and which didn't, but also which cancers were dangerous and which ones less so.

""Out of almost a million markers studied, we were able to use our new tools to single out differences in cancer potency.""

To take this method out of the laboratory, the team are now investigating a further trial with new cancer samples, and hope to involve a commercial partner to allow this to be used for patients being treated in the NHS.

###

The research, published in the British Journal of Cancer, was funded by The Freemasons of the Province of Yorkshire (North and East Ridings) and The Masonic Samaritan Fund. Yorkshire Cancer Research; Prostate Cancer UK; The British Columbia Cancer Agency Strategic Priorities Fund.",full_article,false,false,gold,0,0,-100,2,c847c5a1662ebe5bbcf6416e97a536fa9c9e7d8b,en,3555
fakehealth,news_reviews_00022,'Universal' blood test for earlier diagnosis of cancer moves closer to market,"UK researchers behind a potential 'universal' liquid biopsy blood test for cancer detection have licensed the technology to an industrial partner to take it to market.

The research team believes that the test could be the first screening tool to 'rule in, or rule out' cancer in patients under suspicion of the disease, alongside other traditional diagnostics methods.

The test was developed at the University of Bradford, UK. It measures the damage to the DNA of white blood cells when subjected to different intensities of ultraviolet (UV) light, revealing measurable differences in the cells' susceptibility to further damage in patients with cancer.

The damage forms a 'comet tail' of DNA pieces that are pulled towards the positive end of an electric field. The longer the comet tail, the more DNA damage is present, which correlates with the presence of cancer. In a 2014 proof of concept study, the Bradford researchers showed they could identify which samples were from patients with three different types of cancer - even those who had yet to be diagnosed - with 93 per cent success.

However, in their two most recent clinical trials of the test involving over 700 blood samples from colorectal and prostate cancer patients (and further breast and lung cancer samples that were available), they were unable to distinguish those with cancer from healthy patients in 60 cases.

To determine whether scoring more cells on the slides would explain this 'challenging subgroup', lead researcher Professor Diana Anderson from the University of Bradford asked IMSTAR, to reanalyse the inconclusive slides. The Bradford team had scored 100 cells per slide, but the Pathfinder™ system is able to analyse up to 10,000 cells per slide, and uses Artificial Intelligence concepts in its proprietary software.

Scoring a minimum of 2,000 cells per slide, the IMSTAR Pathfinder™ system was able to separate all individuals of the cancer group from the healthy control group with confirmed statistical significance. These findings are published in FASEB BioAdvances journal.

Professor Anderson said: ""This test is different from other universal cancer tests being developed, because it is not looking for a specific biomarker or mutation. This is a generic test for cancer in an individual, regardless of the underlying mechanism that's causing their cancer.

""I'm now convinced that if we used the powerful IMSTAR system to look at thousands of cells on all the slide samples in the trials, we would see a significant increase in the overall predictability beyond the original 93 per cent of the original 2014 study.""

Paris-based company IMSTAR has now coupled the innovative technology developed at Bradford with their fully-automated Pathfinder™ cell reader-analyser to create a powerful and robust test for early detection, called TumorScan™.

Co-first author Dr Mojgan Najafzadeh from the University of Bradford said: ""We feel that we've taken it as far as we can in proving that the test works with high predictability for cancer outcome, and IMSTAR are the right partners to improve it still further.""

Dr Francoise Soussaline, PhD, DSc, IMSTAR's president said: ""To bring a universal 'liquid biopsy' blood test for cancer to market, it must achieve a number of criteria, including high sensitivity and specificity and be fully automated with high throughput for a medical routine use. In addition, test results must be available in 24hrs and at affordable cost.

""We believe that the combination of Bradford's innovation and IMSTAR's unique expertise has shown that TumorScan can achieve these requisites.""

IMSTAR's vice-president for medical applications, Dr Michel Soussaline, confirmed that the company will be working to automate the full test workflow further to take it to market.

###",full_article,false,false,gold,0,0,-100,2,558874192b2e52df1bb70375861ad574e9c20eda,en,3798
fakehealth,news_reviews_00023,Getting relief from sexual dysfunction and incontinence caused by menopause,"CLEVELAND, Ohio (October 8, 2018)--Microablative fractional CO2 lasers are energy-based devices designed to help manage troublesome menopause symptoms such as painful sex, dryness, itching/burning, urinary frequency, and incontinence. Although there is ongoing debate regarding the safety and effectiveness of vaginal laser surgery, a new study suggests that it may be effective, especially after multiple treatments. Study results are published online in Menopause, the journal of The North American Menopause Society (NAMS).

Collectively known as the genitourinary syndrome of menopause (GSM), the various genital and urinary problems associated with menopause have created a market for new therapies and treatments to help women regain sexual function and bladder control. Vaginal laser surgery represents one of the newer and more hotly contested approaches.

In the case of microablative fractional CO2 laser surgery, a series of microscopic laser beams using fractionated energy penetrate the skin to remove old and damaged skin cells, intended to rebuild the vaginal pathway. In this new study, GSM symptoms were evaluated up to12 months after the last laser surgery and compared based on the number of total therapies applied (up to a total of five).

The results of this small, retrospective, non-sham-controlled study demonstrated that this type of laser surgery was particularly effective in reducing the intensity of dyspareunia (painful sex) and dryness. It further demonstrated that four or five laser therapies may be superior in lowering the intensity of GSM symptoms compared with three laser therapies in both short- and long-term follow-up. Study results are published in the article ""Microablative fractional CO2 laser for the genitourinary syndrome of menopause: up to 12-month results.""

""This study adds to the literature on vaginal laser therapy for GSM. However, more robust randomized, sham-controlled data are needed, with larger numbers of women, to evaluate long-term safety, benefits, and risks,"" says Dr. JoAnn Pinkerton, NAMS executive director. ""Until more data are available, all treatment options, including lubricants, vaginal moisturizers, and FDA-approved vaginal and systemic hormone therapies, should be discussed with women who suffer from GSM to determine the best treatment option for them.""

###

For more information about menopause and healthy aging, visit http://www. menopause. org .",full_article,false,false,gold,0,0,-100,2,f64bbb50bf30a0cde8669fd0a5dde2f782eb1e8b,en,2432
fakehealth,news_reviews_00024,High-Precision Proton Therapy More Effective in Treating Certain Cancers When Combined with Thermal Therapy,"Newswise — Baltimore, Md. Oct. 8, 2018 – The Maryland Proton Treatment Center (MPTC) is now offering deep-tissue external thermal therapy in combination with high-precision proton-beam radiotherapy as a potential way to boost survival chances for certain cancer patients. MPTC is the only center in the world to offer these two treatments at the same facility, an advantage to patients because these therapies are typically given within an hour of each other.

Research has shown that thermal therapy can be especially useful in difficult-to-reach cancers in the abdomen and pelvic region. Studies have found that adding thermal therapy to standard treatments can significantly shrink tumors and can improve survival for some patients. External thermal therapy, or hyperthermia – in the range of 104° up to 110° F. – sensitizes tumor cells to chemotherapy and radiation therapy. In addition, heat has been shown to enhance anti-tumor immune response.

“We are very pleased to be able to offer deep-tissue thermal therapy, which can be combined with standard radiation therapy as well as proton-beam therapy to enhance the cancer-killing effects of the radiation,” says Zeljko Vujaskovic, MD, PhD, a professor of radiation oncology and director of the Division of Translational Radiation Sciences (DTRS) in the Department of Radiation Oncology at the University of Maryland School of Medicine (UMSOM).

“Early research suggests that adding thermal therapy to proton-beam therapy may be associated with an even greater benefit than when combined with standard radiation therapy, and we are excited to be at the forefront of making this combination therapy available to cancer patients,” says Dr. Vujaskovic, an internationally recognized expert in hyperthermic oncology.

Proton therapy is a precise form of radiation therapy that deposits all of its energy within the tumor and allows for less irradiation of noncancerous tissue. MPTC – which is affiliated with the University of Maryland Marlene and Stewart Greenebaum Comprehensive Cancer Center (UMGCCC) at the University of Maryland Medical Center – is the only proton treatment center in Maryland.

Radiation oncologists at UMGCCC already use external thermal therapy to treat a range of cancers, but do not currently use it for cancers that are deeper in the body.

According to Dr. Vujaskovic, the new deep-tissue thermal therapy equipment, which is made by Pyrexar, will be used to treat cancers of the abdominal and pelvic region, including cancer of the bladder, rectum, cervix, ovaries, pancreas and connective tissue, which are known as sarcomas. Patients would typically receive the thermal therapy two times a week for an hour before or after they receive standard (photon) radiation or proton-beam therapy.

The system heats the tumor tissue to 108° F. with internal and external probes that enable doctors to continuously monitor the temperature. A water-filled applicator is placed over the area to be treated, and non-invasive radio frequency energy is directed at the tumor. The heat causes the blood vessels in the tumor to dilate, bringing more oxygen into the tumor, which makes cancer cells more vulnerable to radiation therapy.

The acquisition of the deep-tissue thermal therapy system was made possible by donations from Jack and Emily Howell and the Middendorf Foundation, Inc.

“Within the Department of Radiation Oncology and throughout our cancer center, we strive to make every available tool in the cancer-fighting toolbox available to our patients,” says William F. Regine, MD, FACR, FACRO, the Isadore & Fannie Schneider Foxman Endowed Chair and Professor of radiation oncology at UMSOM and chair of radiation oncology at UMGCCC. “By continuing to develop a comprehensive thermal oncology program, we are giving patients more effective treatment options and therefore another reason to hope for better outcomes.”

“The Maryland Proton Treatment Center has achieved another milestone by becoming the first center to offer both deep-thermal therapy and proton therapy,” says E. Albert Reece, MD, PhD, MBA, Executive Vice President for Medical Affairs at UM Baltimore and the John Z. and Akiko K. Bowers Distinguished Professor and dean at UMSOM. “This achievement is a testament to Dr. Vujaskovic’s considerable expertise in hyperthermic oncology and leadership in developing an outstanding thermal oncology program at the University of Maryland. It’s this type of innovation that sets MPTC apart from other proton treatment centers.”

About the University of Maryland School of Medicine

Commemorating its 210th Anniversary, the University of Maryland School of Medicine was chartered in 1807 as the first public medical school in the United States. It continues today as one of the fastest growing, top-tier biomedical research enterprises in the world -- with 43 academic departments, centers, institutes, and programs; and a faculty of more than 3,000 physicians, scientists, and allied health professionals, including members of the National Academy of Sciences, and a distinguished recipient of the Albert E. Lasker Award in Medical Research. With an operating budget of more than $1 billion, the School of Medicine works closely in partnership with the University of Maryland Medical Center and Medical System to provide research-intensive, academic and clinically-based care for more than 1.2 million patients each year. The School has over 2,500 students, residents, and fellows, and nearly $450 million in extramural funding, with more than half of its academic departments ranked in the top 20 among all public medical schools in the nation in research funding. As one of the seven professional schools that make up the University of Maryland, Baltimore campus, the School of Medicine has a total workforce of nearly 7,000 individuals. The combined School and Medical System (“University of Maryland Medicine”) has a total budget of $5 billion and an economic impact of nearly $15 billion on the state and local community. The School of Medicine faculty, which ranks as the 8th-highest public medical school in research productivity, is an innovator in translational medicine with 600 active patents and 24 start-up companies. The School works locally, nationally, and globally, with research and treatment facilities in 36 countries around the world. Visit medschool.umaryland.edu/

About the Maryland Proton Treatment Center

The Maryland Proton Treatment Center (MPTC) offers proton therapy – a highly advanced and precise form of radiation therapy that can increase radiation dose to tumor while decreasing dose to healthy, surrounding tissue – to the Baltimore/Washington region and beyond. It is a highly effective treatment for a wide range of localized tumors such as those found in the brain, base of the skull, head and neck area, eye tumors, tumors of the esophagus, lung, prostate, liver, breast, spinal cord, as well as gastrointestinal malignancies. It is also an important treatment option for children with cancer.

At MPTC, each treatment room is equipped with the most advanced form of “pencil beam” proton therapy, which essentially paints the radiation onto the tumor while stopping precisely at the site of the tumor. Proton therapy is performed on an outpatient basis and is a well-tolerated, non-invasive treatment that can reduce side effects. It can be used in conjunction with other modalities of cancer treatments such as chemotherapy and surgery. MPTC offers a robust clinical trial program to all its patients to further evidence-based medicine.",full_article,false,false,gold,0,0,-100,2,9662190c2aaaece38c2674c8e9402c34de7fd372,en,7566
fakehealth,news_reviews_00025,Study shows diet and weight may affect response to bipolar disorder treatment,"Data from a clinical trial has shown that how people respond to treatment for Bipolar Disorder may be influenced by their weight and the overall quality of their diet, including whether they are eating a diet high in foods thought to contribute to general inflammation. These are early results, but if replicated may mean that treatment of some mental health problems could benefit from the inclusion of dietary advice. This is presented at the ECNP Conference in Barcelona.

Bipolar Disorder (which used to be called 'manic depression') is characterised by episodes of mood swings, between being very up or very down with periods in between the two extremes. The fact that there are two opposite sets of symptoms means that finding an effective treatment is difficult. While current medications are useful, they are better at targeting mania symptoms (the 'up' phase), leaving a lack of effective treatment for people experiencing depressive episodes. Now a group of Australian, German and American scientists have shown those who have a high quality diet, a less inflammatory diet, and/or a low BMI (Body Mass Index) may respond better to an add-on nutraceutical treatment provided as part of a clinical trial.

""If we can confirm these results, then it's good news for people with Bipolar Disorder, as there is a great need for better treatments for the depressive phase of Bipolar Disorder"" said lead researcher Melanie Ashton of Deakin University in Australia.

A total of 133 participants were randomly assigned to take a combination of nutraceuticals (compounds derived from foods such as vitamins or minerals that treat or prevent a disease or disorder) including the anti-inflammatory amino acid n-acetylcysteine (NAC), or NAC alone, or a placebo (a dummy pill) for 16 weeks. Participants received the study medication in addition to any stable treatments they were already receiving. Researchers measured BMI at the beginning of the study, and then measured depression and how a person is able to function in their day to day life. Researchers also rated whether a participant was improving and, if so, how much, over the next 20 weeks. Participants filled in a questionnaire about what they usually eat over the year and researchers calculated a diet quality score, where good diets included a healthy diet with lots of fruit and vegetables, whereas poorer-quality diets had more saturated fat, refined carbohydrates and alcohol. These types of diets were then categorised as either anti-inflammatory or pro-inflammatory based on foods that affect inflammation.

Melanie Ashton continued, ""We found that people who had a better-quality diet, a diet with anti-inflammatory properties, or a lower BMI, showed better response to add-on nutraceutical treatment than did those who reported a low-quality diet, or a diet including foods that promote inflammation, or who were overweight.

What this means, if these results can be repeated in a larger trial, is that treatment for Bipolar Disorder would need to take into account what a person eats and their weight.

There are some points we need to note about this study. This is a randomised, controlled trial, but what we found were exploratory outcomes; in other words, it wasn't the main result that we were testing. Our result is statistically significant, but because the study wasn't specifically designed to test the effect of diet quality,

inflammatory diets and BMI on drug response in general, it is necessary to see the work replicated in a larger study before any firm conclusions can be formed"".

Commenting, Professor Eduard Vieta (Barcelona) said:

""This is interesting work, which holds out the possibility that patients with Bipolar Disorder may benefit from a balanced diet. However, it is an early study, and we need more research before we can think whether this might affect clinical practice"".

Professor Vieta was not involved in this work, it is an independent comment.

###",full_article,mixed,mixed,gold,0,1,-100,2,4f0bef9ba3d23f1bb66e6b860fca697975e4d02a,en,3956
fakehealth,news_reviews_00026,Midwifery linked to lower odds of birth complications for low-income women,"New research from the University of British Columbia and the University of Saskatchewan is adding new evidence in support of midwives as a safe option for prenatal care, especially for women who have low socioeconomic status.

The study, published today in the British Medical Journal Open, found that low-income pregnant women who receive care from a midwife compared to a physician are less likely to go into early labour, to have a baby with a low birth weight, or to have a small-for-gestational age birth, meaning a fetus or infant that is smaller or less developed than normal for the number of weeks in pregnancy.

Midwives, general practitioners (GPs) and obstetricians (OBs) are all qualified to provide safe prenatal care for women during their pregnancy, labour and birth, but each offer a different style of care that matches different women's preferences and needs. Midwives are experts in the care of women having healthy pregnancies, and tend to spend more time with their patients with a focus on the overall physical, emotional and psychological wellbeing of mothers and their newborns.

""Our findings show that women who are more vulnerable benefit from the care of a midwife, likely because they receive more time, counselling and education on how to care for themselves,"" said the study's lead author Daphne McRae, a post-doctoral research fellow at the UBC school of population and public health who conducted the study while she was a PhD student at the University of Saskatchewan.

For the study, the researchers followed 57,872 women in B.C. who carried a single baby, had low-to-moderate risk pregnancies, and received medical insurance premium assistance sometime between 2005 and 2012. They used maternity, medical billing and demographic data to investigate the odds of small-for-gestational age birth, pre-term birth and low birth weight for low-income women receiving care from a midwife, GP, or OB.

After controlling for differences such as age, previous pregnancies, where they lived and pre-existing medical conditions, the researchers found that low-income women who were receiving prenatal care from a midwife had 29 per cent lower odds of a small-for-gestational age birth compared to women who received care from a GP. Compared to those who received care from an OB, low-income women receiving midwifery care had a 41 per cent reduction in odds for small-for-gestational age birth, the researchers found.

McRae said the findings add new evidence in support of midwifery care, and support the development of policies to ensure midwives are available and accessible, especially for low-income women. Midwifery is not available in all parts of the country.

""Waitlists for midwives can be quite long, so women who are educated and health-conscious typically access midwives early on in their pregnancies,"" said McRae. ""But more vulnerable women might not be as aware of the services available to them, so expanding midwifery to make it available for all women is important.""

""Our research could help develop policies that make the service more accessible to low-income women,"" added senior author Nazeem Muhajarine, a professor in community health and epidemiology at the University of Saskatchewan and McRae's supervisor while she conducted the research.

###

The study was co-authored by Patricia Janssen, Saraswathi Vedam, Maureen Mayhew at the University of British Columbia, and Deborah Mpofu and Ulrich Teucher at the University of Saskatchewan.",full_article,mixed,mixed,gold,0,1,-100,2,d1d092503e1811a5f1796dcb38cb092e2751e135,en,3489
fakehealth,news_reviews_00027,New cancer vaccine shows early promise for patients with HER2-positive cancers,"NEW YORK -- Treatment with a HER2-targeted therapeutic cancer vaccine provided clinical benefit to several patients with metastatic HER2-positive cancers who had not previously been treated with a HER2-targeted therapeutic, according to data from a phase I clinical trial presented at the Fourth CRI-CIMT-EATI-AACR International Cancer Immunotherapy Conference: Translating Science into Survival, held Sept. 30-Oct. 3.

Among 11 evaluable patients who had received more than the lowest dose of the vaccine, six (54 percent) had clinical benefit. One patient with ovarian cancer had a complete response that lasted 89 weeks, one patient with gastroesophageal cancer had a partial response that lasted 16 weeks, and four patients (two with colon cancer, one with prostate cancer, and one with ovarian cancer) had stable disease.

""Immunotherapy marshals the exquisite specificity of the immune system to destroy cancer, and some types may have potentially fewer side effects than traditional chemotherapy,"" said Jay A. Berzofsky, MD, PhD, chief of the Vaccine Branch at the Center for Cancer Research, National Cancer Institute, National Institutes of Health, Bethesda, Maryland. ""We are using a vaccine approach to generate an immune response to HER2, which is found at high levels on and drives the growth of several types of cancer, including breast, ovarian, lung, colorectal, and gastroesophageal cancers.

""Our results suggest that we have a very promising vaccine for HER2-overexpressing cancers,"" continued Berzofsky. ""We hope that one day the vaccine will provide a new treatment option for patients with these cancers.""

The patients' vaccines are individually customized by Berzofsky and colleagues using their own immune cells isolated from their blood. The blood-derived immune cells are modified in several ways in the laboratory. The final product, which is administered intradermally (between the layers of the skin), comprises patient-derived dendritic cells genetically modified with an adenovirus to produce parts of the HER2 protein.

Preclinical studies, which were previously published in the AACR journal Cancer Research, showed that this type of vaccine could eradicate large, established tumors as well as lung metastases in mice.

In the dose escalation portion of the phase I clinical trial, patients were injected with the vaccine on weeks 0, 4, 8, 16, and 24 after enrollment in the study. Among the six patients who received the lowest dose of the vaccine, 5 million dendritic cells per injection, no clinical benefit was seen. Among the 11 patients who received either 10 million or 20 million dendritic cells per injection, six had clinical benefit.

Adverse reactions were predominantly injection-site reactions that did not require treatment. No cardiotoxicity was seen.

""Based on the current safety and clinical benefit data, the dose of the vaccine was increased to 40 million dendritic cells per injection and the trial opened to patients who have previously been treated with a HER2-targeted therapeutic, including patients with breast cancer,"" said Berzofsky.

""Moving forward, we would like to investigate whether we can increase the proportion of people who benefit from treatment with the vaccine by combining it with checkpoint inhibitor therapy,"" he added.

According to Berzofsky, the main scientific limitation of the study is that it is a relatively small, phase I clinical trial with no placebo control. However, the approach is sufficiently promising to warrant additional trials.

###

This study was supported by intramural funds from the National Cancer Institute. Berzofsky declares no conflicts of interest.",full_article,mixed,mixed,gold,0,1,-100,2,03702d915748c596f101c4c41ca98a70f920c95d,en,3660
fakehealth,news_reviews_00028,Milk protein shown to alleviate chemotherapy side effects,"Patients undergoing cancer treatment confront a number of well-documented side effects.

Chemotherapy and other cancer therapies can wreak havoc on the taste buds and olfactory senses, depriving recipients of the intricate interplay between taste and smell that is critical to grasping flavors and enjoying foods. Over time, taste and smell abnormalities (TSA) can lead to a loss of appetite and anorexic behaviors, compromising patients' ability to recuperate from the disease.

In a new paper published in the journal Food & Function, Virginia Tech College of Agriculture and Life Sciences researchers Susan Duncan and Aili Wang investigated the feasibility of lactoferrin, a highly bioactive protein found in saliva and milk, as a treatment for TSA. Their findings could bring relief to millions of patients undergoing cancer treatment.

""The underlying molecular mechanisms of TSA are not well-understood,"" said Duncan, associate director of the Virginia Agricultural Experiment Station and a professor in the Department of Food Science and Technology. ""The prevailing symptom described by patients undergoing chemotherapy is a persistent metallic flavor or aftertaste, with or without food intake. This can last for hours, weeks, or even months after the completion of treatments.""

As a consequence, cancer patients suffer poor appetite, weight loss, depression, and diminished nutrition, all of which are detrimental to recovery. Although TSA is widespread and a frequent complaint of cancer patients, until now, there have been no established therapies that reliably prevent or treat this problem.

""Our research shows that daily lactoferrin supplementation elicits changes in the salivary protein profiles in cancer patients - changes that may be influential in helping to protect taste buds and odor perception,"" said Duncan. ""By suggesting lactoferrin as a dietary supplement, we can reduce TSA for many patients, restoring their ability to enjoy foods during a time in which nutrition can play a key role in their recovery. This research could help us develop TSA-targeted biomarkers and strategies for improving quality of life during chemotherapy. Cancer patients and their supporting family and friends may again find comfort in enjoying a meal together. ""

The transdisciplinary team, including William Ray, Department of Biochemistry; Andrea Dietrich, of the Charles E. Via Jr. Department of Civil and Environmental Engineering in the College of Engineering; and Glenn Lesser, from Wake Forest Baptist Medical Center, previously identified the role of lactoferrin, a specific milk protein, in diminishing the metallic flavor stimulated by chemotherapy medications. The substance is well-known as a first-line defense, aiding the body's immune response, but little is known about its ability to impact salivary proteins. Their most recent study builds on the previous body of work through the application of lactoferrin supplements in treating taste and smell abnormalities.

The team's findings will make it possible for cancer patients to taste foods properly and to enjoy a healthier appetite, enabling more optimal nutrition during a critical period of recovery. Lactoferrin supplementation also enhances the expression of salivary immune proteins, which may help reduce oxidative stress and resulting side effects. Oral infections, such as thrush, also may be diminished.

###",full_article,false,false,gold,0,0,-100,2,8a13a8d8d4f6dbed4f426df96241412014989fde,en,3397
fakehealth,news_reviews_00029,Combo therapy of prostatectomy plus radiotherapy may improve survival in prostate cancer,"A comparison of 2 of the most common combination therapies for locally advanced prostate cancer show the more aggressive option is linked with a higher rate of survival

(Philadelphia) - High-risk prostate cancer, that which has continued to grow but not yet metastasized, is commonly treated with combination therapies. Each method has pros and cons, but there is little clarity whether one might be more effective than the other. For the first time, researchers have shown that more patients live longer if treated with the combination of prostate removal plus radiation therapy. The research was published September 25th in the journal Cancer.

""There's a lot of debate about whether to remove the whole prostate and follow up with radiation therapy. Or, as a second option, to spare the prostate and treat it using radiation therapy plus hormone-blocking therapy,"" said senior author Grace Lu-Yao, PhD, Associate Director of Population Science at the Sidney Kimmel Cancer Center - Jefferson Health, one of only eight NCI-designated cancer centers nationwide with a prostate cancer program of excellence. ""Our study suggests that removing the prostate followed by adjuvant radiotherapy is associated with greater overall survival in men with prostate cancer.""

The risks of prostate removal, or prostatectomy, are well known and include higher chance of developing incontinence and erectile dysfunction. There are some risks associated with radiation treatment and hormone therapy, but they are less common, and are typically thought to have a lower impact on quality of life. ""Prostatectomy is an unpopular treatment,"" said Lu-Yao. ""Our study showed that only six percent of men with high-risk cancer were treated with it."" It's not just the risk of side effects.For some men, especially those who are not fit enough for the surgery, prostatectomy is not an option. However, this may be an option for some patients to reconsider.""

In the largest population-based retrospective study to date, Dr. Lu-Yao and colleagues examined the records of 13,856 men in the Medicare-SEER registry diagnosed with locally advanced prostate cancer -- cancer growth that had not yet metastasized to distant sites in the body. Dr. Lu-Yao and colleagues looked at the patients who were treated either with prostatectomy plus adjuvant radiation as one group, and compared them to another group who were treated with radiation therapy plus hormone-blocking therapy. They matched the comparison groups by age, race and co-morbidity to control for factors that may influence patient outcomes, and analyzed which group did better 10 to 15 years after their procedures.

They found that 10 years after treatment, 89 percent of the prostate removal plus radiation group was still alive. That compared with the 74 percent survival at ten years in the group that received only radiation plus hormone therapy, amounting to a 15 percent survival advantage in the group that was treated with prostate removal.

""For high-risk prostate patients we started the use of aggressive radiation therapy after surgery 20 years ago,"" said Adam Dicker, Senior Vice President and Chair of the Department of Enterprise Radiation Oncology at Jefferson Health, who was not involved in the study. ""We recognized that it may have curative potential.""

""However, the proportion of men undergoing prostatectomy plus radiation therapy decreased significantly over time and there were trade-offs for the survival advantages,"" said Dr. Lu-Yao. Men who received the combination of surgery and radiotherapy had higher rates of erectile dysfunction (28 percent vs 20 percent) and higher rates of urinary incontinence (49 percent vs 19 percent).

Another interesting finding from the research was that slightly more than half of men diagnosed with the disease did not receive combination therapies for their prostate cancer. ""Two modes of treatment are recommended by both United States and European guidelines for cancer treatment. It was surprising to see only 29 percent of patients received the recommended combination therapies, and as many as 20 percent are not getting any treatment six months after their diagnosis,"" said Dr. Lu-Yao. ""Our data can't tell us the reason for this deviation from guidelines and further studies are needed.""

""One of the strengths of retrospective studies of patient data is that it reveals what happens in the real world, rather than the carefully controlled context of a clinical trial,"" said Dr. Lu-Yao. ""Our data is revealing the real-world practice as well as some of the advantages and disadvantages of those medical preferences.""

""This important study demonstrates that many men with high-risk prostate cancer derive a survival advantage through a multi-modality approach to their disease. Several large clinical trials are nearing completion that should validate these retrospective findings of the benefits of primary radical prostatectomy followed by additional therapies such as adjuvant radiation,"" said Leonard Gomella, Chair of the Department of Urology at Jefferson (Philadelphia University + Thomas Jefferson University), who was not involved in this research.

###

The study was funded by the New Jersey Health Foundation, the National Cancer Institute (P30 CA-072720 and CA-116399 and the Rutgers Cancer Institute of New Jersey Biometrics Shared Resource. A complete list of potential conflict interest disclosures can be found in the manuscript.

Article reference: Thomas L. Jang, Neal Patel, Izak Faiena, Kushan Radadia, Dirk F. Moore, Sammy E. Elsamra, Eric A. Singer, Mark N. Stein, James A. Eastham, Peter T. Scardino, Yong Lin, Isaac Y. Kim, Grace L. Lu-Yao, ""Comparative effectiveness of radical prostatectomy with adjuvant radiotherapy versus radiotherapy plus androgen deprivation therapy for men with advanced prostate cancer,"" Cancer, DOI: 10.1002/cncr.31726, 2018.

Media Contact: Edyta Zielinska, edyta.zielinska@jefferson.edu, 215-955-7359.",full_article,true,true,gold,0,2,-100,2,8ad1ba01548b646951f0822ae1b917d8ae713fef,en,5959
fakehealth,news_reviews_00030,Weight loss can be boosted fivefold thanks to novel mental imagery technique,"Overweight people who used a new motivational intervention called Functional Imagery Training (FIT) lost an average of five times more weight than those using talking therapy alone, shows new research published today by the University of Plymouth and Queensland University.

In addition, users of FIT lost 4.3cm more around their waist circumference in six months - and continued to lose weight after the intervention had finished.

Led by Dr Linda Solbrig from the School of Psychology, the research involved 141 participants, who were allocated either to FIT or Motivational Interviewing (MI) - a technique that sees a counsellor support someone to develop, highlight and verbalise their need or motivation for change, and their reasons for wanting to change.

FIT goes one step further than MI, as it makes use of multisensory imagery to explore these changes by teaching clients how to elicit and practice motivational imagery themselves. Everyday behaviours and optional app support are used to cue imagery practice until it becomes a cognitive habit.

Maximum contact time was four hours of individual consultation, and neither group received any additional dietary advice or information.

Dr Solbrig, who completed the work as part of a PhD funded by The National Institute for Health Research (NIHR) Collaboration for Leadership in Applied Health Research and Care (CLAHRC) South West Peninsula, said: ""It's fantastic that people lost significantly more weight on this intervention, as, unlike most studies, it provided no diet/physical activity advice or education. People were completely free in their choices and supported in what they wanted to do, not what a regimen prescribed.""

The study showed how after six months people who used the FIT intervention lost an average of 4.11kg, compared with an average of 0.74kg among the MI group.

After 12 months - six months after the intervention had finished - the FIT group continued to lose weight, with an average of 6.44kg lost compared with 0.67kg in the MI group.

Dr Solbrig continued: ""Most people agree that in order to lose weight, you need to eat less and exercise more, but in many cases, people simply aren't motivated enough to heed this advice - however much they might agree with it. So FIT comes in with the key aim of encouraging someone to come up with their own imagery of what change might look and feel like to them, how it might be achieved and kept up, even when challenges arise.

""We started with taking people through an exercise about a lemon. We asked them to imagine seeing it, touching it, juicing it, drinking the juice and juice accidently squirting in their eye, to emphasise how emotional and tight to our physical sensations imagery is. From there we are able to encourage them to fully imagine and embrace their own goals. Not just 'imagine how good it would be to lose weight' but, for example, 'what would losing weight enable you to do that you can't do now? What would that look / sound / smell like?', and encourage them to use all of their senses.

""As well as being delighted by the success of the study in the short term, there are very few studies that document weight loss past the end of treatment, so to see that people continued to lose weight despite not having any support shows the sustainability and effectiveness of this intervention.""

Trisha Bradbury was one of the participants allocated to the FIT study, and she explains: ""I lost my mum at 60, and being 59 myself with a variety of health problems, my motivation was to be there for my daughter. I kept thinking about wearing the dress I'd bought for my daughter's graduation, and on days I really didn't feel like exercising, kept picturing how I'd feel.

""I've gone from 14 stone to 12 stone 2 and have managed to lower the dosage I need for my blood pressure tablets. I'd still like to lose a touch more, but I'm so delighted with the mind-set shift.""

Professor Jackie Andrade, Professor in Psychology at the University of Plymouth, is one of the co-creators of FIT, and she explains: ""FIT is based on two decades of research showing that mental imagery is more strongly emotionally charged than other types of thought. It uses imagery to strengthen people's motivation and confidence to achieve their goals, and teaches people how to do this for themselves, so they can stay motivated even when faced with challenges. We were very excited to see that our intervention achieved exactly what we had hoped for and that it helped our participants achieve their goals and most importantly to maintain them.""

###

The full study, entitled Functional Imagery Training versus Motivational Interviewing for Weight Loss: A randomised controlled trial of brief individual interventions for overweight and obesity is available to view in the International Journal of Obesity (doi: 10.1038/s41366-018-0122-1).",full_article,mixed,mixed,gold,0,1,-100,2,5f1f34f087719b05845c874bee3958a0f02a9c3b,en,4870
fakehealth,news_reviews_00031,"Too many people missing out on health benefits of golf, says expert panel","Evidence suggests it may not only be good for mind and body, but also for a long life

The consensus--one of the first of its kind--comes on the eve of the Ryder Cup, the biennial golf tournament between Europe and the US.

Amid a growing body of evidence on the health impacts of the sport, the consensus aims to help current and would-be players maximise the health pros and minimise the health cons of golf, and to guide policy-makers and industry leaders on how best to make golf more inclusive and accessible and so encourage more people from all walks of life to take up the sport.

The statement draws on a systematic review of the available published evidence (342 eligible studies) and discussions among an international working group of 25 experts in public health and health policy, and industry leaders.

Agreement was reached on 79 statements in three areas. These set out what is currently known about golf's associations with health; the factors that may help or hinder take-up of the sport; and a series of recommendations for golfers, industry leaders, and policy makers on how best to maximise its health benefits, promote sustainability, and widen participation.

The evidence shows that playing golf regularly is associated with longevity and reducing the risk factors for heart disease/stroke. And it can boost older people's strength and balance.

The sport is also associated with good mental health and improving the overall health of those with disabilities.

Compared with other sports, the risk of injury is moderate, but as it's an outdoor activity, golfers may be more at risk of skin cancer.

Golf is sociable, and gets people outdoors, connecting with nature. It can provide moderate intensity aerobic physical activity, and its health benefits are greatest for players (and spectators) who walk round the course rather than opt for a golf cart.

While around 60 million people play golf at least twice every year, the participant profile is quite narrow: players tend to be middle aged to older, male, of white European heritage, relatively well off, and living in North America, Europe, and Australasia.

And the sport is often perceived as expensive, male dominated, difficult to learn, and not a game for the young or those on the lower rungs of the social ladder.

This can put people off, says the statement. The sport needs to be more inclusive and welcoming of people from all walks of life and ethnic backgrounds, and any such initiatives should be supported, it says.

More people might be keen to take it up if golf were promoted as an enjoyable, lifelong outdoors activity that affords a sense of community and competitive challenge while providing some 'me time' as well as helping to fulfil recommended exercise quotas, says the statement.

And the sport can do its bit for sustainability by ""practices that prioritise diversity, healthy societies, connection with, and care of, the environment, environmental integrity and health and wellbeing,"" the statement suggests.

Among its raft of recommendations, the consensus statement says that:

Golfers

Should aim to play for 150 minutes/week, or do less, but couple golf with other physical activity, and walk the course rather than ride a golf cart

Do warm-up/strengthening exercises to cut the risk of injury and use sun-cream and wear collared shirts/blouses to minimise the risk of skin cancer

Make everyone feel welcome

Clubs/Industry should:

Build on existing initiatives to promote inclusivity and develop environments and price structures that will be attractive to everyone

Develop a culture that will inspire more women and girls to play golf

Make every effort to promote equality and diversity, and boost accessibility

Promote sustainability through wildlife conservation and by restricting the use of water, energy, and pesticides

Provide additional facilities at clubs, such as a gym, walking routes, crèches and improve the focus on health and safety, with the provision of healthy foods, defibrillators, and speed limiters on golf carts, for example

Policy makers should:

Promote the benefits of regular physical activity, including golf, for people of all ages, genders, and income brackets

Promote the specific health enhancing aspects of golf

Support diversity, equality, and sustainability

Work with industry and national associations to boost take up of the sport, particularly in groups where physical activity levels are low

Work with industry and regulatory bodies to get golf included in the Paralympics

""These outputs, if widely shared and adopted, will contribute to an improved understanding of golf and health, and aid these groups in making evidence-informed decisions and to improve health and wellbeing,"" the consensus statement concludes.

###",full_article,false,false,gold,0,0,-100,2,00478bcab39b0a112b14e8ab2e91887395e21537,en,4785
fakehealth,news_reviews_00032,First-Ever Rapid Response Test for Levels of Bifidobacterium in Baby's Gut Microbiome,"Evivo's quick and non-invasive test measures the presence of markers that indicate low or high levels of good Bifidobacterium , such as acetate and lactate. A stool sample containing high levels of these markers will be strong enough to change the test's liquid display from pink to yellow, indicating high levels of Bifidobacterium. The liquid will remain pink if a sample has low levels of acetate and lactate, indicating that Bifidobacterium is missing and that key nutrients from breast milk, human milk oligosaccharides (HMO), are being wasted. Evivo has commenced rigorous clinical trials with the prototype to demonstrate the results from infant stool samples.

Point-of-Care Diagnostic Expert Turns Focus to the Infant Gut

The development of the prototype is led by Dr. Bethany Henrick, Ph.D., Director of Immunology and Diagnostics for Evivo. With more than a decade of experience designing and creating rapid, point-of-care diagnostics, Henrick was formerly an integral part of the team that developed and optimized the world's fastest point-of-care HIV test in 2005.

""This is the first and only point-of-care screening test designed to identify infants that do not have enough Bifidobacterium levels to create a stable infant gut microbiome,"" said Dr. Henrick. ""With recent research indicating most babies born after 1980 do not acquire Bifidobacterium at birth, our ability to detect significant levels of Bifidobacterium gives pediatricians and parents an immediate indication of whether or not their baby has this beneficial gut bacteria that set them up for lifelong health.""

Identifying a Disappearing, Yet Critical Piece of Gut Health

Dr. Henrick's previously published findings, which are the basis for the Evivo test, show an inverse correlation between rising infant fecal pH, reduced acetate and lactate, and lower levels of beneficial Bifidobacterium, proving that the infant gut microbiome has been rapidly changing over the last three generations. In the past, babies acquired Bifidobacterium from their mother during childbirth, but due to the increased use of modern medical practices such as antibiotics, C-sections and formula feeding, nine out of 10 babies born in the U.S. today no longer acquire it. The generational loss of this good bacteria in the infant gut allows for potentially harmful bacteria such as E. Coli and Clostridia to thrive, which are linked to higher risk of short- and long-term health issues such as colic, eczema, allergies, diabetes, and obesity.

""Currently there is no way to easily determine whether a baby is colonized with healthy bacteria,"" said Mark Underwood, M.D., Chief of Neonatology at UC Davis Medical Center. ""The ability to quickly measure levels of Bifidobacterium in a stool sample would enable pediatricians to identify babies with low levels of these beneficial bacteria and take appropriate action.""

Evolve BioSystems' Evivo is the only baby probiotic clinically proven to restore Bifidobacterium to a baby's gut and reduce potentially harmful bacteria by 80 percent. In a landmark clinical trial, Evivo produced rapid, substantial and persistent stabilization of the infant gut microbiome, to help set a foundation for life-long health.

About Evolve BioSystems

Evolve BioSystems, Inc. is a privately-held microbiome company dedicated to developing the next generation of products to establish, restore, and maintain a healthy gut microbiome. Evolve recently completed a $40M Series C round of funding co-led by the Bill & Melinda Gates Foundation and Horizons Ventures, the venture division of the Li Ka Shing Foundation.

Evolve is a spin-out from the Foods for Health Institute (FFHI) at the University of California, Davis and builds on more than a decade of research into understanding the unique partnership of the infant gut microbiome and breast milk components. Having led to the development and commercial launch of products to resolve newborn gut dysbiosis, including Evivo® for infants, Evolve's discovery platform is now being applied to solving gut dysbiosis throughout the human life cycle. In addition to the landmark proof-of-concept trial, Evolve is undertaking further clinical studies to build out its suite of microbiome-based solutions.

SOURCE Evolve BioSystems, Inc.

Related Links

https://www.evolvebiosystems.com/

",full_article,false,false,gold,0,0,-100,2,d9d20750deb1b35c3751092a871fd809eadd2503,en,4324
fakehealth,news_reviews_00033,Zika vaccine shows promise for treating deadly brain cancer,"Washington, DC - September 18, 2018 - An international team of researchers has successfully deployed a Zika virus vaccine to target and kill human glioblastoma brain cancer stem cells, which had been transplanted into mice. In a study published this week in mBio®, an open-access journal of the American Society for Microbiology, the team shows that a live, attenuated version of the Zika virus could form the basis of a new treatment option for this fatal brain cancer.

Glioblastoma kills about 15,000 adults in the US each year and is currently incurable because patients experience a high recurrence rate of their cancer even after the standard treatments of surgery, radiation and chemotherapy. Scientists suspect this recurrence is due to cancer stem cells, called glioblastoma stem cells (GSCs), which hide out in nearby brain tissue even after the combination of therapies.

""During the Zika epidemic, we learned that the virus preferentially infects neural progenitor cells in the fetus, and causes the devastating microcephaly seen in babies born to infected mothers,"" says Pei-Yong Shi, a virologist at University of Texas Medical Branch in Galveston. He co-led the current study with tumor biologist Jianghong Man of the National Center of Biomedical Analysis in Beijing and virologist Cheng-Feng Qin of the Chinese Academy of Military Medical Sciences in Beijing.

""We made the connection that perhaps Zika virus could also specifically infect the GSCs,"" because these cells have similar properties to neural stem cells, says Man. In previous work, Shi and his collaborators at Washington University in St. Louis showed that Zika virus did indeed attack and kill GSCs grown in the lab dish and in a mouse model of glioblastoma. In addition, the Zika virus was much less efficient at attacking the differentiated, healthy brain cells. (image: transmission electron micrograph of Zika virus, NIAID)

""If we could find a way to specifically target those GSCs that are the source of recurrence, then that might provide an option to prevent recurrence or even a cure,"" says Qin.

The team's first objective was to determine if there was a safe way to use Zika virus in patients to attack the cancer cells. Shi's lab has developed a promising live-attenuated Zika vaccine candidate called ZIKV-LAV that had been shown to be safe, non-virulent, and effective in protecting against infection in mice and non-human primates. The ZIKV-LAV has a small deletion from the viral genome that prevents it from replicating itself efficiently.

When the team injected this ZIKV-LAV into the brains of mice, they saw no health effects on the mice, no weight loss, and no behavioral abnormalities such as loss of appetite, depression, lethargy, or self-injury. The mice also functioned normally in tests for anxiety and motor function.

Next, the team wanted to show whether the ZIKA-LAV could work to infect and kill human patient-derived GSCs in a mouse model. So they mixed GSCs from two different human patient donors with the ZIKA-LAV and injected the mixture into the brains of mice. Mice that got the injection of the GSCs only rapidly developed tumors. Mice that got the ZIKV-LAV injected as well saw a significant delay in tumor development. Co-implanting the virus along with the GSCs also prolonged the median survival time of the treated mice to around 50 days, compared to around 30 days for the untreated mice who received GSCs alone.

Qin says that perhaps in the future patients would be given the Zika vaccine at the same time as surgery to ""let the viruses hunt down the GSCs and eliminate them.""

Finally, the team investigated the cellular mechanisms that the modified Zika virus used to kill the GSCs. They took GSCs treated with the ZIKV-LAV and those GSCs not treated and sequenced all the RNA messages being expressed in these two cell populations. Comparing those profiles, the team found that in the treated cells, the virus triggered a strong antiviral response in the cells, which induced inflammation and eventually cell death.

Next, the team will work with clinicians to develop safety tests of the ZIKV-LAV in glioblastoma patients. They may also modify the Zika virus further to make it an even more potent cancer cell killing machine. For example, Man explains, the researchers could add an immune modulator as a 'cargo' in the viral genome. Then, once such a virus infects a cancer cell and kills it, the immune modulator would be released to alert and activate the patient's systemic immune system against the remaining cancer cells.

""As a virologist, I see that we should take advantage of the 'bad' side of viruses,"" says Shi. ""They should have a role to play in cancer treatment.""

###

The American Society for Microbiology is the largest single life science society, composed of more than 30,000 scientists and health professionals. ASM's mission is to promote and advance the microbial sciences.

ASM advances the microbial sciences through conferences, publications, certifications and educational opportunities. It enhances laboratory capacity around the globe through training and resources. It provides a network for scientists in academia, industry and clinical settings. Additionally, ASM promotes a deeper understanding of the microbial sciences to diverse audiences.",full_article,false,false,gold,0,0,-100,2,3eae09f1f86840ff9064601b22c703f011c61bed,en,5310
fakehealth,news_reviews_00034,New blood test detects early stage pancreatic cancer,"Pancreatic cancer is currently very difficult to detect while it is still resectable. A new blood test developed by researchers at Lund University in Sweden, Herlev Hospital, Knight Cancer Center and Immunovia AB, can detect pancreatic cancer in the very earliest stages of the disease. The results have been published in the Journal of Clinical Oncology.

Due to diffuse symptoms, pancreatic cancer is usually diagnosed very late in the disease progression. Therefore, despite pancreatic cancer representing less than 3% of all cancer cases, more people currently die from it than breast cancer. By 2030, pancreatic cancer is expected to be the second deadliest type of cancer in the world.

""Our test can detect pancreatic cancer with 96% accuracy at stage I and II, while there is still the possibility of successful surgical intervention. There is currently no cure and few treatment options for advanced pancreatic cancer, which is the late stage when pancreatic cancer is usually diagnosed"", explains Carl Borrebaeck, professor at the department of Immunotechnology at Lund University.

The study used samples from patients in both Denmark and the US, at different stages of the disease.

The blood test is developed on a so-called antibody microarray that consists of hundreds of recombinant antibody fragments. These antibody fragments are specific for a number of immune-regulatory proteins, cancer-associated antigens, and so on.

Since the immune system is the first to respond to threats like complex diseases, such as cancer, autoimmune diseases and infections, the microarray was designed to mirror this early response. This provides information about the development of tumours long before being visible on CT or detected by ctDNA. From those hundreds of markers, 29 markers were selected to detect pancreatic cancer with 96% accuracy at stage I and II.

In the future, the screening method could be used to screen people who are at a higher risk of developing pancreatic cancer, such as those with a hereditary risk, newly onset diabetes patients and patients with chronic inflammation of the pancreas.

The next step has already been initiated, which is a large US prospective study for high risk individuals.

###",full_article,false,false,gold,0,0,-100,2,31e3d09a1af0437c31cb06f0615590db0449c6ac,en,2231
fakehealth,news_reviews_00035,Testosterone replacement therapy may slow the progression of COPD,"GALVESTON, Texas -Researchers from The University of Texas Medical Branch at Galveston found that testosterone replacement therapy may slow disease progression of chronic obstructive pulmonary disease. The paper is currently available in Chronic Respiratory Disease.

Chronic obstructive pulmonary disease, or COPD, is predicted by the World Health Organization to be the third-leading cause of illness and death internationally by 2030. Low testosterone is common in men with COPD and may worsen their condition. Men with COPD have shortness of breath and often take steroid-based medications for an extended time, both of which increase their risk of low testosterone.

""Previous studies have suggested that testosterone replacement therapy may have a positive effect on lung function in men with COPD,"" said Jacques Baillargeon, UTMB professor in preventive medicine and community health. ""However, we are the first to conduct a large scale nationally representative study on this association.""

The goal of the study was to find out whether testosterone replacement therapy reduced the risk of respiratory hospitalizations in middle-aged and older men with COPD.

Using the Clinformatics Data Mart, a database of one of the largest commercially insured populations in the U.S., Baillargeon and colleagues examined data of 450 men aged 40 to 63 with COPD who began testosterone replacement therapy between 2005 and 2014. They also used the national Medicare database to study data from 253 men with COPD aged 66 and older who initiated testosterone replacement therapy between 2008 and 2013.

""We found that testosterone users had a greater decrease in respiratory hospitalizations compared with non-users. Specifically, middle-aged testosterone replacement therapy users had a 4.2 percent greater decrease in respiratory hospitalizations compared with non-users and older testosterone replacement therapy users had a 9.1 percent greater decrease in respiratory hospitalizations compared with non-users,"" said Baillargeon. ""The findings suggest that testosterone replacement therapy may slow the progression of disease in men with COPD.""

###

Other authors include UTMB's Dr. Randall Urban, Wei Zhang, Mohammed Zaiden, Zulqarnain Javed, Melinda Sheffield-Moore, Yong-Fang Kuo, and Dr. Gulshan Sharma.

The University of Texas Medical Branch

Office of Marketing and Communications

301 University Boulevard, Suite 3.518

Galveston, Texas 77555-0144

UTMB Newsroom

@utmbnews

ABOUT UTMB HEALTH: Texas' first academic health center opened its doors in 1891 and today has three campuses, four health sciences schools, three institutes for advanced study, a research enterprise that includes one of only two national laboratories dedicated to the safe study of infectious threats to human health, and a health system offering a full range of primary and specialized medical services throughout Galveston County and the Texas Gulf Coast region. UTMB is a part of the University of Texas System and a member of the Texas Medical Center.",full_article,false,false,gold,0,0,-100,2,af3ce22c5be853adcf8389d1d9180559db8e7702,en,3035
fakehealth,news_reviews_00036,Nucleix Announces Positive Clinical Results for Lung EpiCheck in Early Detection of Lung Cancer,"REHOVOT, Israel, Sept. 6, 2018 /PRNewswire/ -- Nucleix Ltd., a leading cancer detection company, announced today positive results from a clinical study designed to evaluate its innovative Lung EpiCheck™, a blood test for early detection of lung cancer. The results will be presented in a poster presentation titled Lung EpiCheck ™ - Results of the Training and Test Sets of a Methylation-Based Blood Test for Early Detection of Lung Cancer at the IASLC 19th World Conference on Lung Cancer hosted by the International Association for the Study of Lung Cancer, to take place on September 22-26, 2018 in Toronto, Canada.

In the study, blood was prospectively collected from 20 centers and 3 biobanks in Europe and Israel. The samples were used for detection of lung cancer with the Lung EpiCheck blood test. Lung EpiCheck was validated on this independent test set comprising 181 lung cancer cases and 141 current or former smoker controls. Results show specificity of 91% and a sensitivity of 74% with an Area Under the Curve (AUC) of 89%. These results demonstrated similar performance to the preceding training set results from 102 lung cancer cases and 265 current or former smoker controls.

In particular, in the non-small-cell lung carcinoma group (n=162), the most prevalent type of lung cancer affecting about 85% of lung cancer patients, Lung EpiCheck was able to identify correctly approximately 70% of patients. With a correct identification of 59% of stage I patients, 77% of stage II, 76% of stage III and 83% of stage IV patients.

In the small cell lung cancer group (n=13), Lung EpiCheck was able to identify correctly 92% of the patients, with a sensitivity of 100% in the limited stage, and 86% at the extensive stage.

""Lung cancer is the leading cause of death from cancer worldwide due to the high incidence of the disease, and the low rate of diagnosis at early and more curable stages,"" stated Prof. Mina Gaga, the President of the European Respiratory Society (ERS) and a lead investigator in the study. ""Clearly, we must establish screening programs for lung cancer worldwide. At the moment, low-dose computerized tomography (LDCT) screening which has been shown to reduce mortality from lung cancer in the very large NLST study is only reimbursed in the US for high-risk individuals. LDCT screening is not reimbursed in Europe or most areas in the world while there is still a debate about its cost and safety. Screening is however necessary in order to identify lung cancer at early, operable, stages for the entire at-risk population so currently, not only CT screening but also methods of molecular screening are being tested. I am therefore very encouraged with the results of this study, showing that EpiCheck has the ability to identify both non-small-cell and small-cell lung cancer at early stages, with a high level of sensitivity and specificity. Such promising results combined with the simplicity of the test, could allow us to detect lung cancer at the early stages and hence improve 5-year survival from about 15% to about 50-70%. This will offer significant added value in the fight against lung cancer.""

""We are very excited to present the best published clinically validated results of a blood test for the early detection of lung cancer,"" said Opher Shapira, PhD, CEO of Nucleix. ""Furthermore, these results were validated prospectively in an independent cohort. Currently, early stage lung cancer can be detected either accidentally, when testing for other conditions, or by using low-dose CT scans, which are costly, carry associated risks such as high radiation, and are employed only for a very high-risk population. Early detection of lung cancer can be a game-changer in the fight against this devastating disease, and we are looking forward to begin extensive clinical trials in the US, Europe and China next year, in order to get the test to the market as soon as possible at an affordable price.""

About Lung EpiCheck

The Lung EpiCheck blood test is based on a proprietary molecular biomarker technology, which combines new biochemical assays and sophisticated algorithms. The technology is based on identification and analysis of subtle changes in DNA methylation patterns, a powerful tool for distinguishing between cancer and healthy cells and thus for detection of tumors in the body. Dying tumor cells release cell-free DNA (cfDNA) into the blood, where cancer-specific methylation changes can be detected at any disease stage. The Lung EpiCheck blood test detects changes in DNA methylation in 6 markers in cfDNA associated with lung cancer.

About Lung Cancer

Lung cancer is the deadliest and most common of all cancer types. It is estimated that there are about 1.8 million new cases of lung cancer annually worldwide and about 1.55 million die from the disease each year. The reason for the high mortality rate is that currently most cases are detected when the patient becomes symptomatic, which is usually at late stages of the disease. To date, there is no adequate screening process for the early detection of lung cancer, bringing 5-year survival rate to approximately 15%. In addition, there is a well-defined risk group for developing the disease – mostly smokers and former smokers above the age of 50. In the US, low-dose CT is available for screening of individuals 55-79 years old who smoked at least 1 pack a day for 30 years, which represent less than half of the lung cancer population. Therefore, a screening test aimed at the entire risk group to assist in the early detection of the disease is highly needed and can dramatically increase lung cancer survival.

About Nucleix

Nucleix Ltd. develops, manufactures and markets innovative, non-invasive, molecular cancer diagnostic tests. Its highly sensitive and specific tests are based on identification of subtle changes in methylation patterns. Nucleix's technology is based on a combination of a new biochemical assay in conjunction with sophisticated algorithms. The Company's pipeline includes CE Mark Bladder EpiCheck, for the non-invasive detection of bladder cancer based on a urine test; Lung EpiCheck, a screening diagnostic blood test for early detection of lung cancer; Liver EpiCheck, a blood test for liver cancer detection in patients with cirrhosis; and Pan Cancer EpiCheck, a molecular diagnostic tool for early detection of multiple cancer types in blood samples, all based on Nucleix's proprietary and innovative epigenetic platforms. Investors in the Company include OrbiMed and other leading investors. For further information, please visit www.nucleix.com.

SOURCE Nucleix",full_article,false,false,gold,0,0,-100,2,e8ec66e45fa6d9f2d09014e86c3832dbdf9a353d,en,6625
fakehealth,news_reviews_00037,"Newly Published Results Show Investigational Treatment Brexanolone Consistently Reduced Depressive Symptoms Across Three Postpartum Depression Trials, Supporting Submission for FDA Approval","Newswise — CHAPEL HILL, NC – UNC researchers say the results from the multi-site phase 2 and 3 trials of brexanolone injection are not only promising, but could change the way postpartum depression (PPD) is treated.

Brexanolone injection works differently than existing anti-depressant medications, and if approved by the U.S. Food and Drug Administration (FDA) later this year, will be the first new class of anti-depressants in decades, and the first drug specifically indicated for PPD.

“With current anti-depressant SSRIs (selective serotonin reuptake inhibitors) it could take four to six weeks to get a treatment response. In the brexanolone trials, we saw patients starting to feel better within days,” said the trial’s academic principal investigator, Samantha Meltzer-Brody, MD, MPH, director of Perinatal Psychiatry Program at the UNC School of Medicine.

David Rubinow, MD, chair of the Department of Psychiatry at the UNC School of Medicine and a coauthor of the paper, says time is especially crucial for new mothers experiencing postpartum depression because the weeks and months following birth are a critical period for mother-infant bonding. Common symptoms of PPD – a mood disorder in women that can be triggered by fluctuations in reproductive hormones – include low mood, feeling overwhelmed, anxious and ruminating thoughts, potential withdrawal from the baby and her family, and suicidal thoughts in the most severe cases. PPD is one of the most common complications of pregnancy, with between 10 and 20 percent of mothers worldwide experiencing it.

“Having a drug developed specifically for postpartum depression is a game-changer for women’s health,” said Meltzer-Brody. “With our latest results, we believe that brexanolone, if approved, could provide relief for women with a range of postpartum severity.”

The paper, published in The Lancet, includes a new integrated analysis of results from three double-blind, placebo-controlled trials that took place at 30 sites in the U.S., including UNC’s Perinatal Psychiatry Unit. Eligible women were aged 18-45 years old and were six months postpartum or less at screening. They also had to be experiencing moderate to severe postpartum depression, which was assessed by the Hamilton Depression Rating Scale (HAM-D).

The integrated analysis looked at results of the trials which randomized 209 women to receive a double-blinded 60-hour infusion of either brexanolone injection 90 µg/kg/hr or placebo. A unique dose group of brexanolone 60 µg/kg/hr in one of the studies was not included in the integrated efficacy analysis, but was included in integrated analyses of safety. Brexanolone injection 90 µg/kg/hr was administered to 102 women with moderate or severe PPD who also were evaluated throughout the infusion, after the infusion stopped and then periodically for up to 30 days. Another 107 women were administered a placebo and evaluated during the same timeframe. The first statistically significant reduction in depression severity with brexanolone injection relative to placebo was observed as early as 24 hours after dosing. At the end of the 60-hour infusion, the average reduction in patients’ Hamilton Rating Scale for Depression (HAM-D or depression severity score) was 17.0 points for women in the brexanolone injection 90 µg/kg/hr group, versus 12.8 in the placebo group (p<0.0001). The reduction of symptoms in the patients receiving brexanolone injection was maintained throughout the last study visit at Day 30. The most common (≥10% of subjects) adverse events following during brexanolone injection administration were headache, dizziness and somnolence.

“This is a very different model for how we treat depression. Having a drug approved to treat PPD that works quickly and effectively, yet is also durable, would be a huge step forward for psychiatry in general,” Meltzer-Brody said.

Brexanolone injection is an allosteric modulator of both synaptic and extra-synaptic GABAᴀ receptors. In postpartum depression, the GABA pathway may play a key role in regulating hormones that researchers believe can lead to PPD.

Sage Therapeutics is the developer of brexanolone injection and sponsor of the trials. A New Drug Application is currently under review by the FDA and brexanolone injection has been granted Breakthrough Therapy Designation. The FDA has assigned a Prescription Drug User Fee Act target date of December 19, 2018.",full_article,true,true,gold,0,2,-100,2,c2eb6fa12726d565c00fd7b514a3bfa02b63342e,en,4425
fakehealth,news_reviews_00038,NUS researchers use AI to successfully treat metastatic cancer patient,"A translational research team led by the National University of Singapore (NUS) has harnessed CURATE.AI, a powerful artificial intelligence (AI) platform, to successfully treat a patient with advanced cancer, completely halting disease progression. This new development represents a big step forward in personalised medicine.

In this clinical study, a patient with metastatic castration-resistant prostate cancer (MCRPC) was given a novel drug combination consisting of investigational drug ZEN-3694 and enzalutamide, an approved prostate cancer drug. The research team successfully utilised CURATE.AI to continuously identify the optimal doses of each drug to result in a durable response, allowing the patient to resume a completely normal and active lifestyle.

""Dynamic dosing in cancer therapy is not commonly used. In fact, drug dosing changes in oncology are typically performed only to reduce toxicity. CURATE.AI uniquely modifies drug dosing to increase efficacy. Our clinical study has shown that dosing can profoundly affect the efficacy and safety of treatment. A patient's clinical profile changes over time. The unique ability for CURATE.AI to rapidly identify the drug doses that result in the best possible treatment outcomes allows for actionable, and perpetually optimised personalised medicine,"" explained Professor Dean Ho, Director of the Singapore Institute for Neurotechnology (SINAPSE) at NUS, who led the study.

Combating cancer with combination therapy

Combination therapy represents a cornerstone in modern cancer treatment. Using this approach, multiple drugs are used to attack the processes that support cancer growth. A primary objective when designing combination therapies is to achieve drug synergy, where the drugs work together to substantially improve efficacy.

While combination therapy has generally improved treatment outcomes such as overall survival for many cancers, it is predominantly given at both fixed as well as high doses.

Prof Ho added, ""Patients respond to chemotherapy differently from one another. Even a single patient's response to therapy can vary substantially over the course of treatment. In fact, many patients do not respond at all to the drug combination because the dosages, which can profoundly impact efficacy, are not suitable for them. Therefore, while fixed dose combination therapy represents a standard of care, it may also serve as a barrier to realising truly optimal and personalised medicine.""

Harnessing AI to continuously optimise combination therapy dosing

To overcome the challenges of conventional combination therapy, the NUS team of engineers developed the CURATE.AI platform, which uses the patient's own clinical data - such as their drug doses and corresponding changes to tumour sizes or levels of cancer biomarkers in the blood - to calibrate his or her unique response to treatment. This calibration is then used to create an individualised CURATE.AI profile, or map, that identifies the drug doses which enable the best possible treatment outcome at any given point in time.

""No two patients' profiles are alike, and as a patient's body and the cancer itself evolve during treatment, the CURATE.AI profile evolves as well, enabling the clinical and engineering teams to optimise care for the entire duration of treatment, an unprecedented advance for combination therapy,"" Prof Ho explained.

In this study, which was conducted at the UCLA Institute of Urologic Oncology for a period of over a year, a patient with metastatic prostate cancer was given ZEN-3694 and enzalutamide. Reducing the level of prostate specific antigen (PSA) in the patient's blood served as the primary biomarker to determine if the patient was responding to treatment. Computed tomography (CT) imaging of the cancer lesions monitored the extent of disease progression.

Initially, the doses of ZEN-3694 and enzalutamide were adjusted by the clinicians to better manage patient-reported quality of life. The patient's initial drug doses and PSA levels were then used to construct his personalised CURATE.AI profile. Remarkably, CURATE.AI subsequently identified a ZEN-3694 dose that was 50 per cent lower than the patient's starting dose of the drug prior to CURATE.AI analysis. Prospective dosage guidance by CURATE.AI resulted in the lowest PSA levels observed for the patient during the course of the study. As treatment progressed, slight increases in ZEN-3694 dosing resulted in clear decreases in PSA levels, also demonstrating its key role in suppressing the metastatic cancer. CT imaging of the patient's lesions showed that disease progression was halted as a result of CURATE.AI-guided combination therapy of both ZEN-3694 and enzalutamide. Patient care guided by CURATE.AI is currently ongoing.

""Using CURATE.AI to dynamically modify drug doses and successfully treat a metastatic cancer patient represents a landmark breakthrough for the use of AI to truly personalise patient care. This advance is expected to dramatically improve response rates for all combination therapies that are being developed for oncology as well as virtually all other diseases. We can also expect CURATE.AI to markedly reduce the costs of drug development,"" Prof Ho added.

Dr Allan Pantuck, the lead clinician of the study, added, ""With fixed dose therapy, patients are often switched to other drugs when they no longer respond to treatment. However, CURATE.AI has shown that patients can still respond to the therapies that have seemingly stopped working by continuously identifying the patient's optimal dosing parameters.""

""The implementation of CURATE.AI represents a game-changing shift in the way that combination therapy can be optimised at the single patient level, and we have shown that N-of-1 medicine can be a reality. We are excited that CURATE.AI could ultimately enhance patient accessibility to important new combination therapies, saving lives in the process,"" said Prof Ho, who is also from the Biomedical Engineering and Pharmacology departments at NUS, as well as a member of the Biomedical Institute for Global Health Research and Technology (BIGHEART) at NUS.

The research was conducted in collaboration with the University of California, Los Angeles, and Zenith Epigenetics. The findings were published in Advanced Therapeutics on 29 August 2018.

More clinical trials underway

CURATE.AI is applicable to all diseases and all patients, and a first generation of the platform was previously validated in the clinic for single drug optimisation in post-transplant immunosuppression. This new study demonstrates that CURATE.AI can optimise multi-drug regimens.

Multiple clinical trials using CURATE.AI-guided combination therapy for oncology and additional applications such as post-transplant immunosuppression are underway. In addition, patient recruitment for additional oncology trials in Singapore has been approved.

The CURATE.AI team expects to broadly deploy the platform for the prevention of transplant rejection, adult and paediatric cancers, cardiovascular medicine, diabetes management, infectious diseases, and many other applications.

###",full_article,false,false,gold,0,0,-100,2,e4f53b627a6ad42a0200ad5d7b15ee6f2c166d20,en,7143
fakehealth,news_reviews_00039,Combination approach shows promise for beating advanced melanoma,"In UCLA-led study, new treatment is more effective in people receiving immunotherapy for the first time

A UCLA-led study has found that a treatment that uses a bacteria-like agent in combination with an immunotherapy drug could help some people with advanced melanoma, an aggressive form of skin cancer, live longer.

The research showed that using the immunotherapy drug pembrolizumab and the experimental agent SD-101, a sequence of nucleic acids that mimics a bacterial infection, altered the microenvironment around the tumor in a way that enabled the immune system to more effectively attack the cancer. The research was an early-stage study, conducted to test the side effects and best dosage of a potential new combined therapy, and the findings were published today in the journal Cancer Discovery.

Pembrolizumab, which is marketed under the brand name Keytruda, works by blocking a protein called PD-1, which interferes with immune system function. Blocking PD-1 with pembrolizumab enables the immune system cells to better attack the cancer. While pembrolizumab has been a significant advancement for treating people with a variety of advanced or metastatic cancers, a majority of metastatic melanoma tumors are still resistant to the drug.

""We have found that the reason patients with metastatic melanoma do not initially respond to immunotherapy with an anti-PD-1 is that their immune system was not ready,"" said Dr. Antoni Ribas, the study's lead author, a professor of medicine at the David Geffen School of Medicine at UCLA and director of the UCLA Jonsson Comprehensive Cancer Center Tumor Immunology Program. ""So we thought, 'What if we change that by injecting the therapy drug into the metastatic lesions and change the microenvironment of the cancer?'

""It's like having a pile of wood but not having a match to light it. With this new approach, SD-101 is the match that starts the fire.""

The researchers found that SD-101 not only directs T cells to cancer cells, but it also makes the microenvironment more hospitable for the T cells, so that they can better kill the cancer cells.

All 22 people in the study had an advanced stage of inoperable or metastatic melanoma. Nine were receiving an immunotherapy treatment for the first time as part of the study. Seven of those nine had a positive response to the drug combination, including two for whom the tumors disappeared completely.

The other 13 people in the study had previously received a type of immunotherapy before the study. Of them, two had a partial response, meaning parts of the tumors shrank, but the tumors did not go away completely. Five more showed some reduction in the tumors, but the other participants did respond to the therapy.

The results of the study suggest that the combination of pembrolizumab and SD-101 could provide an alternative treatment for people with melanoma whose tumors have not responded or would be unlikely to respond to other therapies.

""For all patients with advanced cancer, immunotherapy using PD-1 inhibitors has really changed the face of cancer treatment. Unfortunately, this therapy still only works in a subset of patients,"" said Dr. Deborah Wong, assistant clinical professor of medicine at the Geffen School of Medicine and an oncologist at the Ronald Reagan UCLA Medical Center, who was also an author of the paper.

""This particular combination has been especially gratifying because not only does the SD-101 therapy drug induce tumor shrinkage at the actual site where it's injected, but it's working in conjunction with pembrolizumab to shrink tumors outside of the ones we're directly injecting.""

The study highlights the need for more research into combination therapies like this one, because many people with cancer do not respond to immunotherapy or experience a reoccurrence of their tumors after treatment.

""We are really starting to understand the science of how immunotherapies work in patients,"" said Ribas, who is also the director of the Parker Institute for Cancer Immunotherapy Center at UCLA. ""By understanding that, we can find more ways to make that therapy more active. One way is by combining the therapy with another agent that can overcome the resistance that some cancers have to these therapies.""

###

The study was funded by Dynavax Technologies Corp., which provided SD-101. Merck & Co. provided pembrolizumab. Ribas' research is funded by the Parker Institute for Cancer Immunotherapy and the National Institutes of Health.",full_article,mixed,mixed,gold,0,1,-100,2,ca8289903fc70ebe4b93d97be6f32802aacec671,en,4490
fakehealth,news_reviews_00040,"Scans cut heart attack rates and save lives, major study finds","Heart scans for patients with chest pains could save thousands of lives in the UK, research suggests.

The life-saving scans helped to spot those with heart disease so they could be given treatments to prevent heart attacks.

Researchers say current guidelines should be updated to incorporate the scans into routine care.

The SCOT-HEART study tracked more than 4000 patients who were referred to a hospital clinic with symptoms of angina - a condition that restricts the blood supply to the heart.

Half of the patients were given a scan called a computed tomography angiogram, or CTA, in addition to standard diagnostic tests.

After receiving the scan, the number of patients suffering a heart attack within five years dropped by 40 per cent, the study found.

The number of patients undergoing additional procedures increased within the first year but had levelled out by the end of the five-year period. This suggests that including the scans in routine care would not lead to a surge in costly tests or additional heart surgery, the researchers say.

Patients who are at risk of a heart attack are frequently diagnosed with a test called an angiogram. This involves inserting tubes into the body and heart to check the flow of blood and identify any obstructions that could pose a heart attack risk.

CTA scans enable doctors to look at the blood vessels from the outside the body, without the need to insert tubes into the heart. The scans are cheaper, quicker and safer than angiograms.

The study had previously found that around a quarter of patients had their diagnoses reclassified after receiving the scan, prompting new treatments in many cases.

This is the first study to look at the impact of the scans on long-term survival rates.

Lead researcher Professor David Newby, of the BHF Centre for Cardiovascular Science at the University of Edinburgh, said: ""This relatively simple heart scan ensures that patients get the right treatment. This is the first time that CT guided management has been shown to improve patient outcomes with a major reduction in the future risk of heart attacks. This has major implications for how we now investigate and manage patients with suspected heart disease.""

###

The research is published in the New England Journal of Medicine and is being presented at the European Society of Cardiology Annual Congress in Munich. The study was funded by the Chief Scientist Office of the Scottish Government and the British Heart Foundation.",full_article,false,false,gold,0,0,-100,2,43bec7d772199ad48b298daea50ce62aed84806f,en,2483
fakehealth,news_reviews_00041,Breastfeeding may help protect mothers against stroke,"DALLAS, Aug. 22, 2018 -- Breastfeeding is not only good for babies, there is growing evidence it may also reduce the risk for stroke in post-menopausal women who reported breastfeeding at least one child, according to new research in Journal of the American Heart Association, the Open Access Journal of the American Heart Association/American Stroke Association.

Stroke is the fourth leading cause of death among women aged 65 and older, and is the third leading cause of death among Hispanic and black women aged 65 and older, according to the study.

""Some studies have reported that breastfeeding may reduce the rates of breast cancer, ovarian cancer and risk of developing Type 2 diabetes in mothers. Recent findings point to the benefits of breastfeeding on heart disease and other specific cardiovascular risk factors,"" said Lisette T. Jacobson, Ph.D., M.P.A., M.A., lead author of the study and assistant professor in the department of preventive medicine and public health at the University of Kansas School of Medicine-Wichita.

This is among the first studies to examine breastfeeding and a possible relationship to stroke risk for mothers, as well as how such a relationship might vary by ethnicity.

Researchers analyzed data on 80,191 participants in the Women's Health Initiative observational study, a large ongoing national study that has tracked the medical events and health habits of postmenopausal women who were recruited between 1993 and 1998. All women in this analysis had delivered one or more children and 58 percent reported ever having breastfed. Among these women, 51 percent breastfed for one-six months, 22 percent for seven-12 months and 27 percent for 13 or more months. At the time of recruitment, the average age was 63.7 years and the follow-up period was 12.6 years.

After adjusting for non-modifiable stroke risk factors (such as age and family history), researchers found stroke risk among women who breastfed their babies was on average:

23 percent lower in all women,

48 percent lower in black women,

32 percent lower in Hispanic women,

21 percent lower in white women, and

19 percent lower in women who had breastfed for up to six months. A longer reported length of breastfeeding was associated with a greater reduction in risk.

""If you are pregnant, please consider breastfeeding as part of your birthing plan and continue to breastfeed for at least six months to receive the optimal benefits for you and your infant,"" Jacobson said.

""Our study did not address whether racial/ethnic differences in breastfeeding contribute to disparities in stroke risk. Additional research should consider the degree to which breastfeeding might alter racial/ethnic differences in stroke risk,"" Jacobson said.

Because the study was observational, it couldn't establish a cause-and-effect relationship between breastfeeding and lower stroke risk, meaning that it is possible some other characteristic that distinguishes between women who breastfeed and those who don't is the factor changing the stroke risk. However, because the Women's Health Initiative is large, researchers were able to adjust for many characteristics, and the effects of breastfeeding remained strong, Jacobson said.

""Breastfeeding is only one of many factors that could potentially protect against stroke. Others include getting adequate exercise, choosing healthy foods, not smoking and seeking treatment if needed to keep your blood pressure, cholesterol and blood sugar in the normal range,"" Jacobson said.

The study was also limited by the relatively small number of strokes that occurred during the follow-up period (just 3.4 percent of the women experienced a stroke during the study period and 1.6 percent reported having had a stroke prior to the study) and by the Women's Health Initiative's exclusion of women who had already had severe strokes at the time of recruitment.

Currently, the American Academy of Pediatrics and the World Health Organization recommend exclusive breastfeeding for six months, with continuation of breast feeding for one year or longer. For babies health, the American Heart Association recommends breastfeeding for 12 months with transition to other additional sources of nutrients beginning at about four - six months of age to ensure sufficient micronutrients in the diet.

###

Frontiers: The Heartland Institute for Clinical and Translational Research and the Wichita Center for Graduate Medical Education-Kansas Bioscience Authority funded the study. The WHI was supported by the National Health, Lung, and Blood Institute.

Co-authors are Erinn M. Hade, Ph.D.; Tracie C. Collins, M.D., M.P.H., M.H.C.D.S.; Karen L. Margolis, M.D., M.P.H.; Molly E. Waring, Ph.D.; Linda V. Van Horn, Ph.D., R.D.; Brian Silver, M.D.; Maryam Sattari, M.D., M.S.; Chloe E. Bird, Ph.D.; Kim Kimminau, Ph.D.; Karen Wambach, Ph.D.; and Marcia L. Stefanick, Ph.D. Author disclosures are on the manuscript.

Additional Resources:

Available multimedia including photos and an audio interview are on the right column of the release link - https:/ / newsroom. heart. org/ news/ breastfeeding-may-help-protect-mothers-against-stroke?preview= 8c40ed243748d7c2d1d547b499f511f4

After Aug. 22, view the manuscript online.

Story on previous JAHA study (June 21, 2018): Breastfeeding may reduce a mother's heart attack and stroke risk

Follow AHA/ASA news on Twitter @HeartNews

For updates and new science from JAHA, follow @JAHA_AHA

Follow the researcher on Twitter @ltj_264

Statements and conclusions of study authors published in American Heart Association scientific journals are solely those of the study authors and do not necessarily reflect the association's policy or position. The Association makes no representation or guarantee as to their accuracy or reliability. The Association receives funding primarily from individuals. Foundations and corporations (including pharmaceutical, device manufacturers and other companies) also make donations and fund specific association programs and events. The Association has strict policies to prevent these relationships from influencing the science content. Revenues from pharmaceutical and device corporations and health insurance providers are available at https:/ / www. heart. org/ en/ about-us/ aha-financial-information .

About the American Heart Association

The American Heart Association is devoted to saving people from heart disease and stroke - the two leading causes of death in the world. We team with millions of volunteers to fund innovative research, fight for stronger public health policies and provide lifesaving tools and information to prevent and treat these diseases. The Dallas-based association is the nation's oldest and largest voluntary organization dedicated to fighting heart disease and stroke. To learn more or to get involved, call 1-800-AHA-USA1, visit heart.org or call any of our offices around the country. Follow us on Facebook and Twitter.",full_article,true,true,gold,0,2,-100,2,523b78cdf61794c1bc35b0815bf4eb647d834992,en,6961
fakehealth,news_reviews_00042,"Simple score to diagnose heart attacks is safer, faster than current methods","An international team of researchers has developed a simple laboratory score that is safer and faster at diagnosing patients who visit the emergency department with heart attack symptoms. The score, published in CMAJ (Canadian Medical Association Journal), can also identify patients at risk of subsequent heart issues after discharge.

""We have developed a simple lab score that is superior to using cardiac troponin alone for the identification of patients at low and high risk for heart attack or death at emergency department presentation,"" say Dr. Peter Kavsak, McMaster University, Hamilton, Ontario. According to Professor Andrew Worster, also from McMaster University, ""This lab score may reduce both the number of blood tests and time spent in the emergency department for chest pain patients.""

Patients with chest pain symptoms require multiple blood tests over several hours before a diagnosis is reached. Previous studies using high-sensitivity cardiac troponin alone to rule out and rule in heart attacks have not consistently demonstrated sufficient safety to use in clinical practice.

In this international study, researchers from Canada, Australia, New Zealand and Germany combined common laboratory blood tests available at many hospitals around the world to create a single laboratory score, or clinical chemistry score, to diagnose heart attack. These blood tests are part of the World Health Organization's list of essential in vitro diagnostics tests for health care facilities with clinical laboratories.

The researchers validated the clinical chemistry score as a predictor of heart attack or death within 30 days using data on 4245 patients from emergency department studies in the four countries. Within one month of the emergency department visits, 727 heart attacks or death in patients occurred. A negative (or low-risk) clinical chemistry score at emergency department presentation missed only one of these events compared with up to 25 missed heart attacks/death when using a high-sensitivity cardiac troponin test alone. A positive (or high-risk) clinical chemistry score also identified about 75% of patients at high risk of heart attack or death when positive compared with a low of 40% detected when the high-sensitivity cardiac troponin test alone was positive. The clinical chemistry score worked equally well in men and women.

The authors suggest the score can be useful for standardizing diagnoses and improving safety.

""Adoption of the clinical chemistry score algorithm would standardize reporting of high-sensitivity cardiac troponin test results, how the tests are interpreted in the normal range, and represent an option less susceptible to both analytical and preanalytical errors. This could result in the safest laboratory approach for physicians to use at presentation in the emergency department,"" says Dr. Kavsak.

###

The Canadian Institutes of Health Research funded the study with reagent support from Abbott Laboratories and Roche Diagnostics.

""Clinical chemistry score versus high-sensitivity cardiac troponin I and T tests alone to identify patients at low or high risk for myocardial infarction or death at presentation to the emergency department"" is published August 20, 2018.",full_article,mixed,mixed,gold,0,1,-100,2,1c7b92a6711dfb0bd1dc5fef1052182a559af71c,en,3241
fakehealth,news_reviews_00043,Blood test may identify gestational diabetes risk in first trimester,"Blood test may identify gestational diabetes risk in first trimester

NIH analysis suggests early screening could allow for lifestyle changes before condition develops.

A blood test conducted as early as the 10th week of pregnancy may help identify women at risk for gestational diabetes, a pregnancy-related condition that poses potentially serious health risks for mothers and infants, according to researchers at the National Institutes of Health and other institutions. The study appears in Scientific Reports.

Gestational diabetes occurs only in pregnancy and results when the level of blood sugar, or glucose, rises too high. Gestational diabetes increases the mother’s chances for high blood pressure disorders of pregnancy and the need for cesarean delivery, and the risk for cardiovascular disease and type 2 diabetes later in life. For infants, gestational diabetes increases the risk for large birth size. Unless they have a known risk factor, such as obesity, women typically are screened for gestational diabetes between 24 and 28 weeks of pregnancy.

In the current study, researchers evaluated whether the HbA1c test (also called the A1C test), commonly used to diagnose type 2 diabetes, could identify signs of gestational diabetes in the first trimester of pregnancy. The test approximates the average blood glucose levels over the previous 2 or 3 months, based on the amount of glucose that has accumulated on the surface of red blood cells. According to the authors, comparatively few studies have examined whether the HbA1c test could help identify the risk for gestational diabetes, and these studies have been limited to women already at high risk for the condition. The test is not currently recommended to diagnose gestational diabetes at any point in pregnancy.

The researchers analyzed records from the NICHD Fetal Growth Study, a large observational study that recruited more than 2,000 low-risk pregnant women from 12 U.S. clinical sites between 2009 and 2013. The researchers compared HbA1c test results from 107 women who later developed gestational diabetes to test results from 214 women who did not develop the condition. Most of the women had tests at four intervals during pregnancy: early (weeks 8-13), middle (weeks 16-22 and 24-29) and late (weeks 34-37).

Women who went on to develop gestational diabetes had higher HbA1c levels (an average of 5.3 percent), compared to those without gestational diabetes (an average HbA1c level of 5.1 percent). Each .1 percent increase in HbA1c above 5.1 percent in early pregnancy was associated with a 22-percent higher risk for gestational diabetes.

In middle pregnancy, HbA1c levels declined for both groups. However, HbA1c levels increased in the final third of pregnancy, which is consistent with the decrease in sensitivity to insulin that often occurs during this time period.

“Our results suggest that the HbA1C test potentially could help identify women at risk for gestational diabetes early in pregnancy, when lifestyle changes may be more effective in reducing their risk,” said the study’s senior author, Cuilin Zhang, Ph.D., of the Epidemiology Branch at NIH’s Eunice Kennedy Shriver National Institute of Child Health and Human Development.

Exercise and a healthy diet may lower blood glucose levels during pregnancy. If these measures are not successful, physicians may prescribe insulin to bring blood glucose under control.

The authors noted that further studies are needed to confirm whether measuring HbA1c levels in early pregnancy could determine a woman’s later risk for gestational diabetes. Similarly, research is needed to determine whether lowering HbA1c with lifestyle changes, either in early pregnancy or before pregnancy, could reduce the risk for the condition.

About the Eunice Kennedy Shriver National Institute of Child Health and Human Development (NICHD): NICHD conducts and supports research in the United States and throughout the world on fetal, infant and child development; maternal, child and family health; reproductive biology and population issues; and medical rehabilitation. For more information, visit https://www.nichd.nih.gov.

About the National Institutes of Health (NIH): NIH, the nation's medical research agency, includes 27 Institutes and Centers and is a component of the U.S. Department of Health and Human Services. NIH is the primary federal agency conducting and supporting basic, clinical, and translational medical research, and is investigating the causes, treatments, and cures for both common and rare diseases. For more information about NIH and its programs, visit www.nih.gov.

NIH…Turning Discovery Into Health®",full_article,true,true,gold,0,2,-100,2,a6cd5f129332c6a9869a8fe38b1f264f130a37d7,en,4666
fakehealth,news_reviews_00044,Preliminary Data from Study Demonstrates 94% Accuracy in Detecting Aggressive Prostate Cancer,"ISNES, Belgium, Aug. 13, 2018 /PRNewswire/ -- VolitionRx Limited (NYSE AMERICAN: VNRX) (""Volition"") today announced preliminary data from a prospective, multi-centered Proof of Concept Study of 84 men into the utility of Volition's Nu.Q™ assays to diagnose men with high-grade prostate cancer.

Volition panel PSA alone 94% 33%

At 88% specificity, the Volition panel of five assays (including PSA) identified 94% of high-grade prostate cancers that require treatment (as defined by Gleason Score1). This compares with just 33% identified by Prostate-Specific Antigen (PSA) alone.

""This is a very exciting outcome for us as we continue the development of our assays beyond colorectal cancer. The preliminary data from this study showed that Volition's panel of assays identified men with potentially lethal high-grade prostate cancer with much greater accuracy than PSA alone. Based on this data, we believe that this test could assist clinicians in more accurate patient selection for prostate biopsy and treatment and substantially reduce the amount of unnecessary procedures in men with low-grade tumors or no tumor. The next step is to confirm these statistically significant findings in independent larger clinical trials"" said Dr. Jake Micallef, Chief Scientific Officer at Volition.

Prostate cancer (PCA) is the second leading cause of cancer death in men in the U.S. after lung cancer2. Currently, PCA is diagnosed through medical history, physical examination and by elevated levels of PSA in the blood. Men suspected of PCA are given a prostate biopsy to confirm the presence of cancer. However, most men with elevated PSA levels referred for prostate biopsy either have no cancer or have low-grade cancer which needs monitoring but not treatment.

In the Proof of Concept Study, a blood sample was taken prospectively from men referred for prostate biopsy in three Belgian hospitals. The men were grouped by biopsy findings as having no cancer (most of whom had elevated PSA levels), low-grade cancer or high-grade cancer. The samples were tested with a panel of five assays (PSA, two Nu.Q™ assays and two inflammatory biomarkers).

The assay results correlated with the Gleason Score, which is one of the main predictors for aggressive PCA determined on biopsy. This suggests the assays may provide better risk stratification than that available using PSA tests for men with actual or suspected PCA, leading to better patient management and fewer unnecessary biopsies.

Commenting on the results, Principal Investigator, Professor Thierry Roumeguere, Head of Urological Services, Erasme Hospital, Brussels, Belgium said ""A non-invasive test to help in the risk stratification of men with suspected or actual prostate cancer will be a major step forward in the management of this disease. The correlation of the panel blood test results with Gleason Score shows great promise in this regard. We will further investigate the data in relation to disease stage as well as additional factors used for pre-treatment risk stratification.""

Cameron Reynolds, Chief Executive Officer at Volition commented ""This small trial is important because it helps demonstrate once more the potential breadth of our technology. If these results are validated in larger trials, they will present a potentially significant new market opportunity. Volition's research team is continuing to develop our Nu.Q™ assays and we aim to launch products in 2019.""

Dr. Gaetan Michel, Chief Executive Officer of Volition's wholly-owned subsidiary, Belgian Volition SPRL, commented, ""We would like to thank the Walloon Region for their continued support of the company. The funding provided by the region has enabled this study and will support our continued research.""

1The Gleason Score is a method used to grade prostate cancers based on how normal or abnormal the prostate biopsy cancer tissue appears under the microscope. 2https://www.cancer.org/cancer/prostate-cancer/about/key-statistics.html

About Volition

Volition is a multi-national life sciences company focused on developing simple, easy to use, cost effective blood tests designed to help diagnose a range of cancers. The tests are based on the technology platform of Nucleosomics®, which is the practice of identifying and measuring nucleosomes in the bloodstream or other bodily fluid - an indication that disease is present.

As cancer screening programs become more widespread, Volition's products aim to help to diagnose a range of cancers quickly, simply, accurately and cost effectively. Early diagnosis has the potential to not only prolong the life of patients, but also to improve their quality of life.

Volition intends to expand the application of its technology beyond cancer by exploring other disease applications. The company's research and development activities are currently centered in Belgium, with additional offices in London, Texas and Singapore, as it focuses on bringing its diagnostic products to market first in Europe, then in the U.S. and ultimately, worldwide.

For more information about Volition, visit Volition's website https://volitionrx.com/

or connect with us via:

Twitter: https://twitter.com/volitionrx

LinkedIn: https://www.linkedin.com/company/volitionrx

Facebook: https://www.facebook.com/VolitionRx/

YouTube: https://www.youtube.com/user/VolitionRx

The contents found at Volition's website address, Twitter, LinkedIn, Facebook, and YouTube are not incorporated by reference into this document and should not be considered part of this document. The addresses for Volition's website, Twitter, LinkedIn, Facebook, and YouTube are included in this document as inactive textual references only.

Media/Investor Contacts

Louise Day, Chief Marketing & Communications Officer

mediarelations@volitionrx.com

+44 (0)7557 774620

Scott Powell, Executive Vice President, Investor Relations

investorrelations@volitionrx.com

+1 (646) 650 1351

Joseph Green, Edison Advisors

jgreen@edisongroup.com

+1 (646) 653 7030

Safe Harbor Statement

Statements in this press release may be ""forward-looking statements"" within the meaning of Section 27A of the Securities Act of 1933, as amended, and Section 21E of the Securities Exchange Act of 1934, as amended, that concern matters that involve risks and uncertainties that could cause actual results to differ materially from those anticipated or projected in the forward-looking statements. Words such as ""expects,"" ""anticipates,"" ""intends,"" ""plans,"" ""aims,"" ""targets,"" ""believes,"" ""seeks,"" ""estimates,"" ""optimizing,"" ""potential,"" ""goal,"" ""suggests,"" ""could,"" ""would,"" ""should,"" ""may,"" ""will"" and similar expressions identify forward-looking statements. These forward-looking statements relate to the effectiveness of Volition's bodily-fluid-based diagnostic tests as well as Volition's ability to develop and successfully commercialize such test platforms for early detection of cancer and/or other disease applications. Volition's actual results may differ materially from those indicated in these forward-looking statements due to numerous risks and uncertainties. For instance, if Volition fails to develop and commercialize diagnostic products, it may be unable to execute its plan of operations. Other risks and uncertainties include Volition's failure to obtain necessary regulatory clearances or approvals to distribute and market future products in the clinical IVD market; a failure by the marketplace to accept the products in Volition's development pipeline or any other diagnostic products Volition might develop; Volition will face fierce competition and Volition's intended products may become obsolete due to the highly competitive nature of the diagnostics market and its rapid technological change; and other risks identified in Volition's most recent Annual Report on Form 10-K and Quarterly Reports on Form 10-Q, as well as other documents that Volition files with the Securities and Exchange Commission. These statements are based on current expectations, estimates and projections about Volition's business based, in part, on assumptions made by management. These statements are not guarantees of future performance and involve risks, uncertainties and assumptions that are difficult to predict. Forward-looking statements are made as of the date of this release, and, except as required by law, Volition does not undertake an obligation to update its forward-looking statements to reflect future events or circumstances.

Nucleosomics®, NuQ®, Nu.QTM and Hypergenomics® and their respective logos are trademarks and/or service marks of VolitionRx Limited and its subsidiaries. All other trademarks, service marks and trade names referred to in this press release are the property of their respective owners. Additionally, unless otherwise specified, all references to ""$"" refer to the legal currency of the United States of America.

SOURCE VolitionRx Ltd

Related Links

https://volitionrx.com/

",full_article,false,false,gold,0,0,-100,2,86521b8214dbb3efe975db7d34ceb62e8d093f16,en,8955
fakehealth,news_reviews_00045,"Innovative triple pill significantly lowers blood pressure, study finds","A new low dose three in one pill to treat hypertension could transform the way high blood pressure is treated around the world.

A trial led by The George Institute for Global Health revealed that most patients - 70 per cent - reached blood pressure targets with the 'Triple Pill', compared to just over half receiving normal care.

With high blood pressure the leading cause of disease burden worldwide, it's expected the findings published in JAMA will change guidelines globally.

Dr Ruth Webster, of The George Institute for Global Health, said this was a major advance by showing that the Triple Pill was not only more effective than standard care, it was also safe. ""It's estimated more than a billion people globally suffer from high blood pressure with the vast majority having poorly controlled blood pressure. Our results could help millions of people globally reduce their blood pressure and reduce their risk of heart attack or stroke.""

The researchers tested an entirely new way of treating hypertension by giving patients three drugs, each at half dose, in a single pill for early treatment of high blood pressure. Traditionally patients begin treatment with one drug at a very low dose, which is increased over time with additional drugs added and increased in dosage to try to reach target.

Dr Webster added: ""Patients are brought back at frequent intervals to see if they are meeting their targets with multiple visits required to tailor their treatments and dosage. This is not only time inefficient, it's costly. We also know that many doctors and patients find it too complicated and often don't stick to the process. This new approach is much simpler and it works.""

The trial, which was conducted in Sri Lanka, enrolled 700 patients with an average age of 56 and blood pressure of 154/90 mm Hg.

Patients were randomly assigned to receive either the combination pill or usual care - their doctor's choice of blood pressure lowering medication. The Triple Pill, consisted of the blood pressure medications telmisartan (20 mg), amlodipine (2.5 mg), and chlorthalidone (12.5 mg).

Compared with patients receiving usual care, a significantly higher proportion of patients receiving the Triple Pill achieved their target blood pressure of 140/90 or less (with lower targets of 130/80 for patients with diabetes or chronic kidney disease).

At six months, 83 percent of participants in the Triple Pill group were still receiving the combination pill compared to the majority of patients in the usual-care group still receiving only one and only one third receiving two or more blood-pressure-lowering drugs.

Professor Anushka Patel, Principal Investigator of the trial and Chief Scientist at The George Institute, said this was big improvement. ""The World Heart Federation has set an ambitious goal that by 2025 there will be a 25 per cent reduction in blood pressure levels globally. The Triple Pill could be a low cost way of helping countries around the world to meet this target.

""This study has global relevance. While the most pressing need, from the perspective of the global burden of disease, is low-and middle-income countries, it's equally relevant in a country like Australia where we're still achieving only 40%-50% control rates for high blood pressure.""

The George Institute is now looking at strategies to maximise uptake of the study results. This includes examining the acceptability of the Triple Pill approach to patients and their doctors, as well as cost-effectiveness which will be important for governments and other payers to consider.

###

The study was funded by the National Health and Medical Research Council of Australia as part of the Global Alliance for Chronic Disease.",full_article,false,false,gold,0,0,-100,2,c540b77a74f1ab5e2389f395da272f56207235ca,en,3726
fakehealth,news_reviews_00046,Association of radiation therapy plus lumpectomy in reduced risk of dying in women with DCIS,"Bottom Line: Lumpectomy plus radiation was associated with a small clinical benefit in reduced risk of breast cancer death compared with lumpectomy or mastectomy alone in women with ductal carcinoma in situ (DCIS), a noninvasive early form of breast cancer.

Why The Research Is Interesting: Patients with DCIS are often treated with radiation after lumpectomy, although it has remained unclear whether this can reduce the risk of dying from breast cancer.

Who and When: More than 140,000 U.S. women who had DCIS between 1998 and 2014; this study compared lumpectomy plus radiation vs. lumpectomy alone, lumpectomy vs. mastectomy, and lumpectomy plus radiation vs. mastectomy

What (Study Measures and Outcomes): Use of radiation and/or extent of surgery (exposures); breast cancer mortality rates within 15 years (outcomes)

How (Study Design): This was an observational study. Researchers were not intervening for purposes of the study and cannot control all the natural differences that could explain the study findings.

Authors: Steven A. Narod, M.D., of Women's College Research Institute, in Ontario, Canada, and co-authors

Results: A small improvement in breast cancer survival was associated with radiation plus lumpectomy for DCIS. The absolute risk reduction was 0.27 percent, making it necessary to treat 370 women to save one life. Patients who had lumpectomy plus radiation had more local recurrences than the mastectomy patients but had fewer deaths.

Study Limitations: Some data were missing; investigators didn't have information on tamoxifen use; treatments in the study population weren't randomly assigned; and the possibility remains that the decision to undergo radiotherapy was associated with other favorable prognostic factors.

Related Material: The invited commentary, ""Systemic Effects of Radiotherapy in Ductal Carcinoma In Situ,"" by Mira Goldberg, M.D., and Timothy J. Whelan, B.M., B.Ch., of McMaster University, Ontario, Canada, also is available on the For The Media website.

To Learn More: The full study is available on the For The Media website.

(doi:10.1001/jamanetworkopen.2018.1100)

Editor's Note: The article contains conflict of interest disclosures. Please see the article for additional information, including other authors, author contributions and affiliations, financial disclosures, funding and support, etc.

###

Links will be live at the embargo time http://jamanetwork. com/ journals/ jamanetworkopen/ fullarticle/ 10. 1001/ jamanetworkopen. 2018. 1100

About JAMA Network Open: JAMA Network Open is the new online-only open access general medical journal from the JAMA Network. Every Friday, the journal publishes peer-reviewed clinical research and commentary in more than 40 medical and health subject areas. Every article is free online from the day of publication.",full_article,mixed,mixed,gold,0,1,-100,2,f5e3a134a76f1f6996a33d3220578303c3b39544,en,2826
fakehealth,news_reviews_00047,New emerging research suggests Montmorency tart cherries may help enhance gut health,"LANSING, Mich. August 7, 2018 - Montmorency tart cherries may play a role in improving gut health, suggests a first-of-its kind human trial of nine adults combined with a parallel laboratory study published in the Journal of Nutritional Biochemistry. An international team of scientists found that Montmorency tart cherries helped to positively impact the gut microbiome - a collection of trillions of bacteria and other microbes that live in the intestinal tract.

The microbiome has been the focus of multiple studies in recent years due to its potential role in maintaining digestive health, as well as its impact on immunity, heart health, blood sugar control, weight management and even brain health. The gut microbiome holds great promise, especially related to personalized nutrition, although the research is still evolving and larger, long-term human intervention studies are needed. However, the new study does suggest that Montmorency tart cherries can be added to the list of gut-friendly foods.

While previous studies on Montmorency tart cherries have ranged from heart health and exercise recovery to sleep, this is the first study to explore the potential gut health benefits. The researchers speculate that it may be due to the polyphenols (anthocyanins and other flavonoids) in Montmorency tart cherries, the varietal of tart cherries grown in the U.S. Polyphenols in plant-based foods are broken down by microbes to stimulate growth of good bacteria.

""Montmorency tart cherries were a logical food to study due to their unique composition of polyphenols, including chlorogenic acids,"" said principal investigator Franck Carbonero, PhD, assistant professor in the Department of Food Science at the University of Arkansas. ""Our results suggest that the unique polyphenol mixture in tart cherries may help positively shape the gut microbiome, which could potentially have far-reaching health implications.""

Research Methodology

Researchers conducted both human and laboratory experiments to determine the impact of Montmorency tart cherries on the microbiome. In the human trial, nine healthy adults, 23-30 years old, drank 8 ounces of Montmorency tart cherry juice (from concentrate) daily for five days. These individuals were non-smokers and had not taken antibiotics (which can affect the microbiome) in the 12 weeks prior and during the study. Using stool samples, the participants' microbiome was analyzed before and after the dietary intervention, and food frequency questionnaires were used to evaluate their overall diet.

The laboratory experiments were set up to mimic the conditions within the human digestive system, specifically the stomach, small intestine and three regions of the colon, to study how polyphenols are broken down and absorbed. This process of breakdown and absorption can have a significant impact on the body's ability to use the beneficial bioactive compounds in plant-based foods. The researchers tested U.S.-grown Montmorency tart cherries, European tart cherries, sweet cherries, apricots and isolated polyphenols in each simulated region of the digestive tract. They analyzed changes in the mix of bacteria and how these bacteria helped digest the polyphenols over time.

Study Results

In the human trial, the microbiome was positively altered (primarily measured by the increase in good bacteria) after just five days of drinking Montmorency tart cherry concentrate, although there were strikingly different responses due to the participants' initial microbiome composition. Individuals who ate a more Western diet (low in fruits, vegetables and fiber) potentially had a lower ability to metabolize polyphenols, thereby reducing bioavailability and any potential health benefits in the tart cherries. Remarkably, in these subjects, instead of Bifidobacterium, Collinsella were the beneficial polyphenol-degrading bacteria stimulated. The individuals who ate a more plant-based diet, with higher intakes of carbohydrates and fiber, responded with an increase in Bacteroides and Bifidobacterium, presumably because of the specific combination of polysaccharides and polyphenols.

While more research is needed, these results suggest individuals consuming a more plant-based diet may have a mix of gut bacteria that responds more positively and/or rapidly to tart cherry consumption. Individuals consuming a more Western diet that is lower in carbohydrates and fiber may have a lower/different ability to metabolize polyphenols, thereby altering bioavailability and any potential health benefits.

The laboratory experiments found that pure polyphenols characteristics of tart cherries increased the amount of Bifidobacterium. However, when concentrated juices were fermented, this bifidogenic effect appeared to be leveled out by the larger increase of polysaccharides utilizing bacteria. Somewhat surprisingly, Carbonero said, chemistry analyses showed that tart cherries polyphenols were not completely converted to smaller phenolic metabolites, suggesting that the full diversity of bacterial species in the human gut is required for efficient breakdown of the polyphenols in tart cherries.

While the dietary intervention was based on a limited number of human volunteers and more research is needed to support these conclusions, the results help build the foundation for future research and suggest Montmorency tart cherries can play a role in positively shaping the microbiome and maintaining gut health.

Montmorency tart cherries are the most common variety of tart cherries grown in the U.S., and are available year-round in dried, frozen, canned, and juice forms - including juice concentrate, which was the form used in this human trial. Montmorency tart cherry juice concentrate can be mixed with water or other juices. It can also be consumed straight from the bottle or used as an ingredient in recipes, such as smoothies and other beverages.

###

This study was made available online in April 2018 ahead of peer-review and publication this month.

Source:

Mayta-Apaza AC, Pottgen E, De Bodt J, et al. Impact of tart cherries polyphenols on the human gut microbiota and phenolic metabolites in vitro and in vivo. Journal of Nutritional Biochemistry. 2018;59:160-172.

Cherry Marketing Institute

The Cherry Marketing Institute, a not-for-profit organization funded by U.S. tart cherry growers and processors, provided financial support for the study. The funders had no role in the study design, data collection and analysis, decision to publish or preparation of the manuscript. CMI's mission is to increase the demand for Montmorency tart cherries through promotion, market expansion, product development and research.",full_article,false,false,gold,0,0,-100,2,8e30c9f7a5d90e6600d4dbd9254ee99ad6803b65,en,6693
fakehealth,news_reviews_00048,"""Liquid biopsy"" test improves health outcomes and can save over $500 million annually for the U.S. healthcare system","IRVINE, Calif., Aug. 2, 2018 /PRNewswire/ -- MDxHealth SA (OTC: MDXHF.BR) today announces that a new study validates the cost-effectiveness of the SelectMDx® for Prostate Cancer test, a non-invasive, urine-based (liquid biopsy) test that helps identify patients at increased risk of aggressive prostate cancer. The SelectMDx test can help predict the likelihood that clinically significant prostate cancer will be found by a biopsy.

The study published in The Journal of Urology, led by researchers at the Vanderbilt University Medical Center, was designed to elucidate the cost-effectiveness of SelectMDx in a population of U.S. men with elevated PSA, a marker of prostate cancer risk. Researchers analyzed the impact of utilizing the non-invasive diagnostic test prior to prostate biopsy. The primary objective was to characterize changes in health outcomes, measured in quality-adjusted life years, and a secondary objective was evaluating healthcare costs.

The researchers found that incorporating SelectMDx resulted in an average gain of 0.045 life years, or approximately 16 days, in full health gained at a cost-savings of $1,694 for each patient undergoing biopsy. Extrapolating these data to a conservative estimate of 311,879 patients per year undergoing biopsy resulted in 14,035 life years in full health gained with an annual cost saving of more than $500 million for each cohort.

""This study demonstrated that routine use of SelectMDx to guide biopsy decision-making improves health outcomes and lowers healthcare costs associated with prostate cancer risk assessment in a population of U.S. men,"" said Dr. Matthew Resnick from the departments of Urologic Surgery and Health Policy at Vanderbilt University Medical Center, Nashville, TN. ""We believe that this strategy improves the value of conventional risk assessment strategies through improvements in both quality and cost, the numerator and denominator of the health care value equation.""

Every year, 1.3 million men in the U.S. undergo a prostate biopsy.i Although a biopsy is the only way to diagnose prostate cancer, the procedure is invasive and results in complications in 18 percent of patients, with 3 percent hospitalized for infection within 30 days.ii,iii,iv Common complications from a prostate biopsy may include bleeding, infection, sepsis/bacteremia, urinary symptoms/retention, and sexual dysfunction.

""While biopsy is the only path to prostate cancer diagnosis, no man wants to, nor should have to, go through the uncomfortable, costly procedure if it can be avoided,"" said Dr. Jan Groen, Chief Executive Officer of MDxHealth. ""We developed SelectMDx to help reduce unnecessary biopsies and now we have the data to show how we can both improve outcomes and save the system money.""

The full paper is accessible via the online edition of The Journal of Urology.

About SelectMDx® for Prostate Cancer

SelectMDx for Prostate Cancer is a proprietary urine-based, molecular diagnostic test that offers a non-invasive 'liquid biopsy' method to assess a man's risk for prostate cancer. SelectMDx helps identify men at increased risk of harboring aggressive, potentially lethal, prostate cancer who may benefit most from a prostate biopsy and earlier detection. The test helps to reduce the need for MRI procedures and invasive prostate biopsies by up to 50%, thereby improving quality of life and lowering healthcare costs per patient. SelectMDx is available in the US and all EU member states. Since the introduction of the SelectMDx test in mid-2016, over 23,000 patients have been tested and 15 commercial contracts have been signed with US based insurance companies. The test has been included in the 2018 European Association of Urology (EAU) clinical guidelines.

About MDxHealth®

MDxHealth is a multinational healthcare company that provides actionable molecular diagnostic information to personalize the diagnosis and treatment of cancer. The company's tests are based on proprietary genetic, epigenetic (methylation) and other molecular technologies and assist physicians with the diagnosis of urologic cancers, prognosis of recurrence risk, and prediction of response to a specific therapy. The Company's European headquarters are in Herstal, Belgium, with laboratory operations in Nijmegen, The Netherlands, and US headquarters and laboratory operations based in Irvine, California. For more information, visit mdxhealth.com and follow us on social media at: twitter.com/mdxhealth, facebook.com/mdxhealth and linkedin.com/company/mdxhealth.

For more information:

MDxHealth

Kenneth Kami

714-931-4148

kenneth.kami@mdxhealth.com

CURA Strategies

Thy-Ann Nguyen

703-479-3642

thyann.nguyen@curastrategies.com

This press release contains forward-looking statements and estimates with respect to the anticipated future performance of MDxHealth and the market in which it operates. Such statements and estimates are based on assumptions and assessments of known and unknown risks, uncertainties and other factors, which were deemed reasonable but may not prove to be correct. Actual events are difficult to predict, may depend upon factors that are beyond the company's control, and may turn out to be materially different. MDxHealth expressly disclaims any obligation to update any such forward-looking statements in this release to reflect any change in its expectations with regard thereto or any change in events, conditions or circumstances on which any such statement is based unless required by law or regulation. This press release does not constitute an offer or invitation for the sale or purchase of securities or assets of MDxHealth in any jurisdiction. No securities of MDxHealth may be offered or sold within the United States without registration under the U.S. Securities Act of 1933, as amended, or in compliance with an exemption therefrom, and in accordance with any applicable U.S. securities laws.

NOTE: The MDxHealth logo, MDxHealth, ConfirmMDx, SelectMDx, AssureMDx, PredictMDx and UrNCollect are trademarks or registered trademarks of MDxHealth SA. All other trademarks and service marks are the property of their respective owners.

i NCI Seer Data 2015. www.seer.cancer.gov/statfacts/html/prost.html

ii Gershman et al.; Eur Uro 2016

iii Loeb et al.; Eur Uro 2013.

iv Loeb et al.; J Urol. 2011.

SOURCE MDxHealth

Related Links

http://www.mdxhealth.com

",full_article,false,false,gold,0,0,-100,2,90ca5dd37d63bca403a8e64e661ab39bf0bbc0a2,en,6381
fakehealth,news_reviews_00049,Gas sensing gut pill beats breath test diagnosis,"New trials of a breakthrough swallowable sensor have revealed the device is 3,000 times more accurate than current technology used to diagnose many gut disorders.

The findings show the revolutionary gas-sensing capsule developed by researchers at RMIT University in Melbourne, Australia, could surpass breath testing as the benchmark for diagnosing gut disorders, paving the way to solving previously undiagnosed conditions.

The vitamin pill-sized capsule, currently being commercialised by Atmo Biosciences, provides real time detection and measurement of hydrogen, carbon dioxides and oxygen in the gut. This data can be sent to a mobile phone.

Capsule co-inventor, RMIT's Dr Kyle Berean, said the second human trials have revealed information about gas production in the gut previously masked when measured indirectly through the breath.

""The rate of false positive and false negative diagnosis that breath tests give is a real problem in gastroenterology,"" Berean, who is also Chief Technology Officer at Atmo Bioscience, said.

""Being able to measure these biomarkers at concentrations over 3,000 times greater than breath tests is quite astonishing.

""Importantly this test is non-invasive and allows the patient to continue with their daily life as normal.""

Intestinal gases are currently used to diagnose disorders including small intestinal bacterial overgrowth (SIBO) and carbohydrate malabsorption.

Of the one-in-five people worldwide who will suffer from a gastrointestinal disorder in their lifetime, almost a third remain undiagnosed due to a lack of reliable tests available to gastroenterologists.

Study lead and capsule co-inventor Professor Kourosh Kalantar-zadeh said the results showed high sensitivity and signal-to-noise ratio in measuring the concentration of intestinal hydrogen, providing valuable information at the site of intestinal gas production.

""This gives us confidence that our new technology could potentially solve many mysteries of the gut and help the large portion of the population who have not been able to find a useful diagnosis or treatment for their symptoms,"" Kalantar-zadeh said.

Findings from the first human trials revealed the stomach releases oxidising chemicals to break down and beat foreign compounds that are staying in the stomach for longer than usual. Such an immune mechanism has never been reported before.

This second paper made a direct comparison between measuring hydrogen production within the gut via the gas-sensing capsule and indirect measurement through breath testing.

Trials were conducted on nine healthy individuals in a blinded comparative study on absorbable versus fermentable carbohydrates.

Melbourne based start-up Atmo Biosciences is set to commercialise this revolutionary technology.

The trials were conducted with colleagues from Monash University. The findings have been published in the medical journal Alimentary Pharmacology and Therapeutics (DOI: 10.1111/apt.14923).

###",full_article,false,false,gold,0,0,-100,2,781fce778f2dec03148f56f9669b05cb9bd292d3,en,2972
fakehealth,news_reviews_00050,A brain injury diagnosed with a single drop of blood,"Every year in Europe, three million people are admitted into hospitals for suspected mild traumatic brain injury (mTBI) cases. Yet 90% of these patients will be able to return home safely, as no trauma has been detected. Today, the only reliable diagnosis is the CT Scan, which is only available in some hospitals and, in addition to being expensive, exposes patients to radiations. Researchers from the University of Geneva (UNIGE), in collaboration with the Hospitals of Barcelona, Madrid and Seville, have developed a small device - Point-of-Care Test (POCT) - that analyses the level of proteins in the blood and allows, using a single drop of blood, to diagnose the possibility of a mild traumatic brain injury. This discovery, described in PLOS ONE, will not only relieve emergency departments, free patients from often long waits, but also save on costly medical examinations.

Falling whilst skiing, tumbling down the stairs or getting hit on the head can cause symptoms such as blurred vision, vomiting, loss of consciousness or memory for about 30 minutes. There is then a risk of mild cerebral trauma, which represents more than 90% of brain injuries admitted to hospitals. But is there really a brain lesion? Or are these symptoms merely the consequence of the violence of the shock, of which will ultimately only leave a bump behind?

Today, the injured patients have to go to the emergency rooms of hospitals equipped with a CT Scan, an expensive examination that sends X-rays to the brain to detect the presence or absence of brain trauma. As their case is not a priority, it often takes a long time for the majority of patients to return home without risk of sequelae, except for bad memories.

Find biomarkers for light traumas

""We wondered if it was possible to isolate certain proteins whose presence in the blood increases in the event of mild traumatic brain injury,» explains Jean-Charles Sanchez, professor at the Department of Internal Medicine of Specialties and the Biomarkers Centre of the Faculty of Medicine of the UNIGE. ""Our idea was to find a way to do a quick examination that would allow, during a boxing or American football match for example, to determine whether the athlete can return to the field or if his condition requires hospitalization. The opposite of the CT Scan, an exam that lasts a long time and cannot be done anywhere,"" he adds.

During a shock on the head, some brain cells are damaged and release the proteins they contain, increasing their level in the blood. Scientists at UNIGE and Spanish hospitals then compared the blood of patients admitted for mild traumatic brain injury but diagnosed as negative with that of patients actually suffering from a brain lesion. Using proteomic analyses, which can quantify thousands of proteins simultaneously and observe variations in their levels in the blood, they gradually isolated four molecules indicating the presence of a brain injury: H-FABP, Interleukin-10, S100B and GFAP. ""We have noticed that the H-FABP level alone makes it possible to confirm that there is no risk of trauma in one third of patients admitted after a shock,"" enthuses Jean-Charles Sanchez. The rest of the patients will have to undergo a CT scan to confirm the diagnosis.

TBIcheck, the light brain trauma detector

It was still necessary to develop a device that could be used everywhere, quickly and simply, and that could be available in pharmacies or sports halls. ""When a person has an accident in the mountain, few practices can do a CT Scan,"" notes the Geneva researcher. His team has developed a rapid diagnostic test (POCT) called TBIcheck, inspired by the principle of pregnancy testing: by placing a single drop of blood on the well of a small 5cm plastic case, the patient knows within 10 minutes whether there is a risk of mild trauma, namely whether or not his H-FABP level is higher than 2.5 nanograms per millilitre of blood. ""If a lane appears, the injured person must go to a hospital for a CT scan, if there is nothing, he can go home safely!"" Jean-Charles Sanchez says. In case of doubt when reading the result, a small reader, the Cube Reader, can be installed on TBIcheck. It will display the word ""positive"" or ""negative"" and send the result to the patient's or caregiver's smartphone via Bluetooth. No more doubts!

Commercialization planned for beginning 2019

These results, patented by UNIGE and awarded the Prix de l'Innovation Academy in December 2017, will be marketed from 2019 by ABCDx, a start-up founded four years ago by Jean-Charles Sanchez of UNIGE and Joan Montaner of Vall d'Hebron Hospital in Barcelona, co-authors of this study. ""Today, our research shows that the results are even more accurate when we combine H-FABP and GFAP levels,"" continues Jean-Charles Sanchez. ""We are currently preparing an even more effective TBIcheck, which will allow 50% of patients to be sent home, but which requires an increase in the sensitivity of the test that receives the blood."" ABCDx's ultimate goal is to bring to market biomarkers capable of diagnosing brain trauma, stroke and aneurysms. ""Biomarkers are a mine of information on patients' state of health, it is up to us to decode them,"" concludes the Geneva researcher.

###",full_article,false,false,gold,0,0,-100,2,d93104ab19d5e594aa392a1de900553c66db3c08,en,5236
fakehealth,news_reviews_00051,New stroke imaging technology could reduce potential for patient brain damage,"San Francisco--A new study, presented today at the Society of NeuroInterventional Surgery's (SNIS) 15th Annual Meeting, found that new stroke imaging technology could decrease delays in care by up to 60 minutes, giving patients a better chance at making a full recovery.

The study, New Multiple CT Assessment of Acute Stroke Patients: Are We Ready for Prime Time?, shows that recent advances in imaging software in the angiosuite give neurointerventionalists the essential details required to diagnose a patient with large vessel occlusion (LVO) for an endovascular thrombectomy (EVT). This study suggests that in the future, stroke patients can bypass the CT scan or emergency department and go directly to the angiosuite for imaging and proper care.

""By using this technology in the angiosuite, hospitals can reduce intra-facility transfer delays and hence the time of stroke symptom onset to treatment, which will significantly reduce brain damage and improve outcomes for patients,"" said Nicole Cancelliere, lead author of the study and an interventional clinical research technologist at Toronto Western Hospital.

The time required to transfer a patient from their CT scan to the operating room could delay EVT by as long as 60 minutes.

Preliminary results show that the cone beam imaging software compares favorably with baseline and follow-up CT scans. The imaging allows accurate detection of hemorrhage, occlusion site, ischemic core, and tissue at risk, suggesting that baseline imaging can be performed in the angiosuite using cone beam imaging. The lead PI on this study, Professor Vitor Mendes Pereira, concluded by saying, ""By reducing intra-facility transfer times, patients can receive EVT treatment sooner, which can significantly impact patient outcomes"".

###

About the Society of NeuroInterventional Surgery",full_article,false,false,gold,0,0,-100,2,45b85ec99e57fb4c3c7f8117d339f62cc5c4f622,en,1832
fakehealth,news_reviews_00052,Treating dementia with the healing waves of sound,"Ultrasound waves applied to the whole brain improve cognitive dysfunction in mice with conditions simulating vascular dementia and Alzheimer's disease. The research, conducted by scientists at Tohoku University in Japan, suggests that this type of therapy may also benefit humans.

The team, led by cardiologist Hiroaki Shimokawa, found that applying low-intensity pulsed ultrasound (LIPUS) to the whole brain of the mice improved blood vessel formation and nerve cell regeneration without having obvious side effects.

""The LIPUS therapy is a non-invasive physiotherapy that could apply to high-risk elderly patients without the need for surgery or anaesthesia, and could be used repeatedly,"" says Shimokawa.

Dementia affects about 50 million people worldwide, with 10 million new cases occurring every year. But there are currently no curative treatments available for vascular dementia or Alzheimer's disease, the most common causes of dementia. Also, the cells lining the brain's blood vessels are tightly packed, forming a blood-brain barrier that prevents large molecules from crossing into the brain tissue. This limits the types of drugs and cell therapies that could be made available to treat dementia.

Shimokawa and his team had conducted previous studies showing that LIPUS improved blood vessel formation in pigs with myocardial ischemia, a condition where there is reduced blood flow to the heart. Other studies have reported that LIPUS increases the production of proteins involved in nerve cell survival and growth, in addition to a role in promoting nerve regeneration. Focusing LIPUS treatment on a region in the brain called the hippocampus, which is involved in memory, has also been found to improve dementia in mice, but the details of how it does this need to be more fully investigated.

The Tohoku University team wanted to find out if whole-brain rather than focused LIPUS is effective in treating mouse models of dementia, and if it was, what was happening at the molecular levels to achieve this.

They found that cognitive impairment markedly improved in mice with conditions similar to vascular dementia and Alzheimer's disease when LIPUS was applied to the whole brain three times a day for 20 minutes each time. The mice with vascular dementia received the treatment on the first, third and fifth days following a surgical procedure that limited the brain's blood supply. The mice with a condition simulating Alzheimer's disease in humans received 11 LIPUS treatments over a period of three months.

At the molecular level, genes related to the cells lining blood vessels were turned on. Also, there was increased expression of an enzyme involved in blood vessel formation and a protein involved in nerve cell survival and growth.

The researchers conclude that their study, recently published in the journal Brain Stimulation, provides the first experimental evidence that whole-brain LIPUS therapy markedly improves cognitive dysfunctions without serious side effects by enhancing specific cells related to dementia's pathology.

The first clinical trials to evaluate the effectiveness and safety of the LIPUS treatment are already underway.

###",full_article,false,false,gold,0,0,-100,2,7518107c38c02f7e5552f9694142d88f9069f5ba,en,3182
fakehealth,news_reviews_00053,"Sugar improves memory in over-60s, helping them work smarter","Sugar improves memory in older adults -- and makes them more motivated to perform difficult tasks at full capacity -- according to new research by the University of Warwick

Sugar improves memory in older adults - and makes them more motivated to perform difficult tasks at full capacity - according to new research by the University of Warwick.

Led by PhD student Konstantinos Mantantzis, Professor Elizabeth Maylor and Dr Friederike Schlaghecken in Warwick's Department of Psychology, the study found that increasing blood sugar levels not only improves memory and performance, but makes older adults feel happier during a task.

The researchers gave young (aged 18-27) and older (aged 65-82) participants a drink containing a small amount of glucose, and got them to perform various memory tasks. Other participants were given a placebo - a drink containing artificial sweetener.

The researchers measured participants' levels of engagement with the task, their memory score, mood, and their own perception of effort.

They found that increasing energy through a glucose drink can help both young and older adults to try harder compared to those who had the artificial sweetener. For young adults, that's where it ended, though: glucose did not improve either their mood or their memory performance.

However, older adults who had a glucose drink showed significantly better memory and more positive mood compared to older adults who consumed the artificial sweetener.

Moreover, although objective measures of task engagement showed that older adults in the glucose group put more effort into the task than those who consumed the artificial sweetener, their own self-reports showed that they did not feel as if they had tried any harder.

The authors concluded that short-term energy availability in the form of raised blood sugar levels could be an important factor in older adults' motivation to perform a task at their highest capacity.

Heightened motivation, in turn, could explain the fact that increased blood sugar levels also increase older adults' sense of self-confidence, decrease self-perceptions of effort, and improve mood. However, more research is needed to disentangle these factors in order to fully understand how energy availability affects cognitive engagement, and to develop clear dietary guidelines for older adults.

Konstantinos Mantantzis, a PhD student from the University of Warwick's Department of Psychology, commented:

""Over the years, studies have shown that actively engaging with difficult cognitive tasks is a prerequisite for the maintenance of cognitive health in older age. Therefore, the implications of uncovering the mechanisms that determine older adults' levels of engagement cannot be understated.""

Dr Friederike Schlaghecken, from the University of Warwick's Department of Psychology, commented:

""Our results bring us a step closer to understanding what motivates older adults to exert effort and finding ways of increasing their willingness to try hard even if a task seems impossible to perform.""

###

Notes to editors:

The paper, 'Gain Without Pain: Glucose Promotes Cognitive Engagement and Protects Positive Affect in Older Adults', is in press in Psychology and Aging.

It is co-authored by PhD student Konstantinos Mantantzis, Professor Elizabeth Maylor and Dr Friederike Schlaghecken at the University of Warwick, UK.",full_article,false,false,gold,0,0,-100,2,3b03ce984c911db1bd7ec750e07d6b543e3da2e8,en,3382
fakehealth,news_reviews_00054,Stem Cells Shows Promise For Repairing Torn Meniscus,"Results are published in the scientific publication the Journal of Medical Cases, and is authored by USRM Chief Science Officer Dr. Kristin Comella and colleagues Dr. Scott Greenberg of the Magaziner Center for Wellness, and Dr. Laura Ross of Ross Orthopedic.

""The ability to provide this kind of therapy to Americans can be life changing,"" said Dr. Comella. ""Use of one's own healing cells to help repair damaged tissue rather than having to cut open or manipulate the damaged area to try to reduce pain and restore function is the most elegant form of regenerative medicine we have today.""

Meniscal injuries are the most common knee injury in the United States with an annual average of incidence of 66 per 100,000, according to a 2014 article in the Journal of Orthopedics. Approximately 850,000 patients each year are surgically treated -- often arthroscopically -- for meniscal injuries.

The paper outlines the case study of a 56-year-old male with a chronic meniscus injury. During the 12-month follow-up period, the patient reported a reduction in pain and an improvement in knee function. Figure 1a shows a tear at baseline on the posterior horn of the medial meniscus, while Figure 1b, taken 9 months after the first injection shows complete resolution of the tear. The healed tear could not be penetrated by the probe.

The arthroscopic images showing resolution were also consistent with quality of life improvements for the patient, including a reduction in pain and resumption of normal activities. The patient experienced very little downtime and was able to resume normal activities in less than 1 week.

Dr. Comella, who has more than 20+ years' experience, is recognized worldwide by her peers as an innovator and world leader in the development and clinical practice of stem cell products and therapies. USRM has been a part of more than 10,000 stem cell procedures in the past 19 years for a variety of indications including orthopedic, autoimmune, degenerative and neurological diseases.

U.S. Stem Cell, Inc. is an emerging leader in the regenerative medicine / cellular therapy industry specializing in physician training and certification and stem cell products including its lead product Adipocell™, as well as veterinary stem cell training and stem cell banking and creation and management of stem cell clinics. To management's knowledge, USRM has completed more clinical treatments than any other stem cell company in the world.

Forward-Looking Statements: Except for historical matters contained herein, statements made in this press release are forward-looking statements. Without limiting the generality of the foregoing, words such as ""may"", ""will"", ""to"", ""plan"", ""expect"", ""believe"", ""anticipate"", ""intend"", ""could"", ""would"", ""estimate"", or ""continue"", or the negative other variations thereof or comparable terminology are intended to identify forward-looking statements. Forward-looking statements involve known and unknown risks, uncertainties and other factors, which may cause our actual results, performance or achievements to be materially different from any future results, performance or achievements expressed or implied by the forward-looking statements and represent our management's beliefs and assumptions only as of the date hereof. Except as required by law, we assume no obligation to update these forward-looking statements, even if new information becomes available in the future. The Company's business and the risks and uncertainties of the business are described in its filings with the Securities and Exchange Commission which can be found at sec.gov.

Media Contact: U.S. Stem Cell, Inc.

13794 NW 4th Street, Suite 212

Sunrise, Fl 33325

Phone: 954.835.1500

Email: usstemcell@us-stemcell.com

SOURCE U.S. Stem Cell, Inc.

Related Links

http://us-stemcell.com

",full_article,false,false,gold,0,0,-100,2,f518a47b9c4c90c1b4e917080c2e2be8e1168771,en,3823
fakehealth,news_reviews_00055,Robotic surgery as effective as open surgery for bladder cancer,"MAYWOOD, IL - Robotic surgery is as effective as traditional open surgery in treating bladder cancer, according to a landmark study published in the journal Lancet.

Three Loyola Medicine urologists, Marcus Quek, MD, Gopal Gupta, MD, and Alex Gorbonos, MD, are co-authors of the study. First author is Dipen Parekh, MD, of the University of Miami.

Loyola is among 15 centers that participated in the nationwide trial of 350 patients, who were randomly assigned to undergo robotic surgery or open surgery to remove cancerous bladders.

After two years, there was no significant difference between the two groups in survival without disease progression. Robotic surgery was associated with less blood loss and shorter hospital stays, but longer surgeries. There were no significant differences in complication rates or in patients' quality of life. The study is called RAZOR (randomized open versus robotic cystectomy trial) and was funded by the National Cancer Institute.

A robotic system allows a surgeon to perform operations through a few small incisions. Movements by the surgeon's hand or wrist are translated into highly precise movements of the surgical instruments. Every maneuver is directed by the surgeon, in real time, as the surgeon views a magnified, 3D, high-definition image of the surgical site.

Since robotic surgery was introduced in 2000, it has spread rapidly and has been used in about four million surgeries worldwide. But apart from the RAZOR trial, there have been no prospective, randomized multicenter trials to assess how robotic surgery compares to open surgery in cancer survival.

The RAZOR trial found that two years after surgery, 72.3 percent of patients in the robotic surgery group were alive, with no disease progression and essentially cured, compared with 71.6 percent in the open surgery group. Sixty-seven percent of robotic surgery patients experienced adverse effects such as urinary tract infections and intestinal obstructions, compared with 69 percent in the open surgery group.

Robotic surgery patients stayed a median of six days in the hospital, compared with seven days in the open surgery group. Robotic surgery patients lost less than half as much blood as open surgery patients, but spent more time in the operating room (seven hours, eight minutes compared with six hours, one minute).

Researchers wrote that the findings ""underscore the need for further high-quality trials to assess surgical innovation before this surgical technique is widely adopted in clinical practice.""

Dr. Gupta added that the study provides evidence demonstrating that the robotic approach performs at least as well as the open approach. ""It is important to conduct these trials before widespread adoption of technology, as has been the case with robotic prostatectomy (removal of the prostate),"" he said.

###

The study is titled ""Robot-assisted radical cystectomy versus open radical cystectomy in patients with bladder cancer (RAZOR): an open-label, randomized, phase 3, non-inferiority trial.""

Bladder cancer is the fourth most common cancer in men, but it is less common in women. The American Cancer Society estimates this year there will be about 81,000 new cases in the United States, and about 17,000 people will die of the disease.

The standard surgical treatment of invasive bladder cancer is a radical cystectomy (removal of the bladder). Three main techniques are used to replace the bladder: construct a new bladder (neobladder) from the patient's intestine; place a pouch inside the body to act as an artificial bladder; or place a bag outside the body to collect urine. Loyola Medicine offers both open and robotic radical cystectomy and all three bladder replacement techniques. There are pros and cons to each surgical technique, and Loyola physicians help patients decide which option best fits their lifestyle and health status.

Loyola Medicine is nationally recognized for its expertise in diagnosing and treating a broad range of urologic conditions and providing integrated services for optimal patient care. Loyola's department of urology is ranked 39th in the country by U.S. News and World Report.",full_article,true,true,gold,0,2,-100,2,1360c0b3b543b4081affbc4c79cf390a2ca8fa98,en,4163
fakehealth,news_reviews_00056,"New hope for patients with incurable and disabling hand condition, Dupuytren's disease","Researchers at the Kennedy Institute and Nuffield Department of Orthopaedics, Rheumatology and Musculoskeletal Sciences, University of Oxford, working with clinicians at NHS Lothian, have found that injection of the anti-TNF drug adalimumab into Dupuytren's disease nodules results in the reduction of the cell characteristics responsible for progression of Dupuytren's disease.

Based on their laboratory data that tumour necrosis factor (TNF) drives the development of myofibroblasts, the cell type that causes Dupuytren's disease, the research team explored the effect of an anti-TNF drug injected directly into the Dupuytren's nodule tissue. The results so far are very promising.

""Our data have shown that a concentrated formulation of adalimumab injected directly into the diseased tissue may be effective in targeting the cells responsible for Dupuytren's disease,"" said Jagdeep Nanchahal, MD, PhD, University of Oxford Professor of Hand, Plastic and Reconstructive Surgery, who led the study.

""This brings new hope to people who suffer from this disabling condition, who currently have to wait for their situation to be deteriorate, watching their hand lose function until it is bad enough for surgery. And then there's the lengthy recovery ahead, a less than ideal situation to find yourself in.""

This randomised trial (phase 2a) recruited 28 patients with Dupuytren's disease who were scheduled to have surgery in Edinburgh to remove diseased tissue in their hand. Two weeks prior to surgery they received a single injection of varying doses of the anti-TNF drug, or placebo. The tissue removed during surgery, which is usually discarded, was then analysed in the laboratory. The team found that adalimumab (at a dose of 40mg formulated in 0.4ml) reduces expression of the fibrotic markers, -smooth muscle actin (-SMA) and type I procollagen, at 2 weeks post injection, suggesting this drug could be used to stop the growth of disease causing myofibroblast cells. They also found the drug to be safe and well tolerated.

The findings are published on line in the journal EBioMedicine, published by The Lancet.

Dupuytren's disease is a common condition of the hand that affects 4% of the UK population and causes the fingers to curl irreversibly into the palm. There is currently no NICE approved treatment for early disease and typically people are told to return to their GP once their fingers become so bent that their hand function is impaired.

The anti-TNF drug adalimumab (Humira) is currently licensed in the EU for the treatment of a number of conditions including rheumatoid arthritis, Crohn's disease and ulcerative colitis and overall has an excellent safety profile.

""We are delighted to have received further funding from the Wellcome Trust and Department of Health to test whether adalimumab will work for patients with early stage Dupuytren's disease,"" said Professor Sir Marc Feldmann, co-author and former director of the Kennedy Institute. In conjunction with Professor Sir Ravinder Maini, Sir Marc identified TNF as a therapeutic target in patients with rheumatoid arthritis.

""The Kennedy Institute has a long history of successfully translating laboratory findings to the clinic'"" said Professor Fiona Powrie, Director of the Institute. ""This type of work requires close collaboration between laboratory scientists, clinical trialists and clinician scientists over many years"".

The researchers are continuing to investigate the use of this drug to treat Dupuytren's disease in a phase 2b trial called the RIDD trial, which is currently running in Oxford and Edinburgh.

###

The research was funded by the Health Innovation Challenge Fund which is a collaboration between the Wellcome Trust and the Department of Health. Funding for the drug was provided by 180 Therapeutics. The trial was run by the UKCRC accredited Oxford Clinical Trials Research Unit (OCTRU), Nuffield Department of Orthopaedics, Rheumatology and Musculoskeletal Sciences, University of Oxford.",full_article,false,false,gold,0,0,-100,2,50dd64feba4c501499fe9089d4015a1b37a7f9fb,en,4002
fakehealth,news_reviews_00057,Older patients with knee pain may benefit from allograft transplant technique,"SAN DIEGO, CA - Knee pain in active patients over 40 is often difficult to treat but according to researchers presenting their work today at the American Orthopaedic Society for Sports Medicine's (AOSSM) Annual Meeting in San Diego utilizing a special kind of allograft may be a step in the right direction.

""Our findings note that patients older than 40 may benefit from using a fresh osteochondral allograft transplantation to treat focal cartilage defects, a common cause of knee pain in adults,"" said lead author, Dennis Crawford, MD, PhD from the Oregon Health and Science University in Portland, Oregon.

Crawford and his colleagues looked at a total of 80 patients broken into two groups. The study group consisted of 38 patients, 10 women and 28 men who were at least 40 years of age and a control group with 42 patients (27 men and 15 women) who were 39 years of age or younger. A statistically significant improvement for both groups was noted for the final follow-up for IKDC and all five KOOS sub-scores. Greatest changes were seen in the ability of patients to perform Sports and with improvement in healthful daily activity. Previous surgical treatment was performed on 31 of 38 knees in the study group and 37 of the 42 knees in the control group.

""This type of osteochondral allograft transplantation has traditionally been used in younger active patients with cartilage disorders. However, seeing this type of success allows sports medicine physicians another option in older patients and serves as a predictable biologic joint preservation technique,"" said Crawford.

###

The American Orthopaedic Society for Sports Medicine (AOSSM) is the premier global, sports medicine organization representing the interests of orthopaedic surgeons and other professionals who provide comprehensive health services for the care of athletes and active people of all ages and levels. We cultivate evidence-based knowledge, provide extensive educational programming, and promote emerging research that advances the science and practice of sports medicine. AOSSM is also a founding partner of the STOP Sports Injuries campaign to prevent overuse and traumatic injuries in kids.",full_article,false,false,gold,0,0,-100,2,7384451430d16c5af25081876ab8dbd232f2ca3b,en,2181
fakehealth,news_reviews_00058,Cardiac hybrid imaging an effective tool for predicting heart attacks,"OAK BROOK, Ill. - Cardiac hybrid imaging with CT and nuclear stress testing is an excellent long-term predictor of adverse cardiac events like heart attacks in patients being evaluated for coronary artery disease, according to a study published in the journal Radiology.

Coronary artery disease is a leading cause of death and disability worldwide. Invasive coronary angiography (ICA) is considered the gold standard for determining the percent of stenosis, or narrowing, due to plaque in a coronary artery. However, the degree of stenosis on ICA is not always an accurate predictor of heart attack risk because it gives no information on perfusion, or the flow of blood into the heart muscle. Inadequate perfusion, also known as ischemia, is a potential danger to the patient.

""In lesions with less than 50 percent narrowing, one in five lesions still produce an ischemia,"" said study coauthor Philipp A. Kaufmann, M.D., professor and chair of nuclear medicine, and director of cardiac imaging at University Hospital Zurich in Switzerland.

Cardiac hybrid imaging combines coronary computed tomography angiography (CCTA) and myocardial perfusion imaging with single photon emission tomography (SPECT) to provide information on both stenosis and perfusion. The approach has shown promise in studies focusing on short-term observations, but information is lacking on long-term outcomes.

The research team looked at 428 patients who underwent hybrid imaging. During a median follow-up of 6.8 years, a total of 160 major adverse cardiac events, including 45 deaths, were observed in the final study population. Patients with matched findings--stenosis of 50 percent or more on CCTA with evidence of ischemia on SPECT in the area of the heart to which the blocked vessel was supplying blood--had more than five times the risk of adverse events than those with normal findings. Patients with unmatched findings, or evidence of ischemia but not in the area of the heart being fed by the stenotic artery, had three times the risk. Major adverse cardiac event rates were 21.8 percent for matched findings and 9.0 percent for unmatched--considerably higher than the 2.4 percent rate for normal findings.

The results show that cardiac hybrid imaging is an excellent long-term predictor of adverse cardiac events in patients evaluated for coronary artery disease. Dr. Kaufmann said that hybrid imaging findings could help guide treatment decisions, such as whether or not a patient should have a revascularization procedure such as bypass or angioplasty.

""In patients with multiple lesions or complex coronary anatomy, it is, in many cases, very difficult to correctly identify the culprit lesion,"" he said. ""In a previous multicenter trial, with hybrid imaging we were able to see that about one in five patients should be revascularized in another coronary artery than originally planned. The present study now documents the prognostic importance of the comprehensive assessment provided by hybrid imaging.""

The study supports CCTA use for an initial, noninvasive evaluation of patients with known or suspected stable coronary artery disease. No additional imaging would be necessary if the results were normal. If a lesion was evident, then clinicians could employ a nuclear scan to assess ischemia and take advantage of both modalities by fusing the results together to make a hybrid image.

""The strategy of direct referral to invasive coronary angiography without noninvasive imaging is obsolete,"" Dr. Kaufmann said. ""Even after documenting coronary artery disease with coronary CT angiography, we need further noninvasive evaluation before deciding upon revascularization versus medication.""

The researchers hope to run a trial to show that hybrid imaging can have a positive impact on patient outcomes. They are also looking at what they call ""triple hybrid"" imaging, which combines the CCTA/SPECT hybrid with information on coronary artery shear stress. The shear stress information could help identify lesions that do not yet have an impact on ischemia but will in the future.

###

""Hybrid SPECT Perfusion Imaging and Coronary CT Angiography: Long-Term Prognostic Value for Cardiovascular Outcomes."" Collaborating with Dr. Kaufmann were Aju P. Pazhenkottil, M.D., Dominik C. Benz, M.D., Christoph Gräni, M.D., Michael A. Madsen, M.D., Fran Mikulicic, M.D., Elia von Felten, M.D., Tobias A. Fuchs, M.D., Beatrice Hirt Moch, M.D., Julia Stehli, M.D., Thomas F. Lüscher, M.D., Oliver Gaemperli, M.D., and Ronny R. Buechel, M.D.

Radiology is edited by David A. Bluemke, M.D., Ph.D., University of Wisconsin School of Medicine and Public Health, Madison, Wis., and owned and published by the Radiological Society of North America, Inc.

RSNA is an association of over 54,200 radiologists, radiation oncologists, medical physicists and related scientists promoting excellence in patient care and health care delivery through education, research and technologic innovation. The Society is based in Oak Brook, Ill. (RSNA.org)

For patient-friendly information on cardiac imaging, visit RadiologyInfo.org.",full_article,false,false,gold,0,0,-100,2,8128c21ca441e9a22cb5e2948e58c689b8c3064c,en,5104
fakehealth,news_reviews_00059,Blood Test Predicts Treatment Response and Survival for Patients with Metastatic Prostate Cancer,"NEW YORK and SAN DIEGO, June 28, 2018 /PRNewswire/ -- An international team of researchers from Memorial Sloan Kettering Cancer Center (MSK), Epic Sciences, The Institute of Cancer Research, UK, and London Health Sciences Centre, Canada, have shown that a blood test can identify patients with metastatic castration resistant prostate cancer (mCRPC) who may live longer if they switch from targeted androgen receptor-signaling inhibitor (ARSi) therapy, such as enzalutamide and abiraterone, to taxane-based chemotherapy. This independent, multicenter, blinded study is one of the first studies to validate that a liquid biopsy test can predict therapeutic response and demonstrate a survival benefit. The blood test called, Oncotype DX® AR-V7 Nucleus Detect™ is commercially available in the U.S. through Epic Science's partnership with Genomic Health, Inc. (NASDAQ: GHDX). The research was published online today in JAMA Oncology.

""This liquid biopsy test addresses a critical unmet need at a decision point in management to predict and select the therapy that is most likely to extend a patient's life,"" said Howard Scher, M.D., who led the study and is the co-chair, Center for Mechanism Based Therapy and Head of the Biomarker Development Initiative at MSK. ""During the treatment of metastatic prostate cancer, physicians will now be able to use AR-V7 status to determine when a patient's cancer has become resistant to androgen receptor directed therapy and will respond better to chemotherapy, enabling the patient to live longer.""

This blinded four-year study followed 142 mCRPC patients who were treated at MSK, The Royal Marsden, or the London Health Sciences Centre. Blood samples were obtained prior to treatment with ARSi therapy or chemotherapy and tested with a validated assay for the nuclear-localized androgen receptor splice variant (AR-V7) protein in circulating tumor cells. The results were that patients positive for AR-V7 who were treated with taxane-based chemotherapy had superior overall survival (OS) relative to those treated with ARSI therapy (median OS, 14.3 vs. 7.3 months). Importantly, patients negative for AR-V7 who were treated with ARSi therapy had superior OS relative to those treated with taxanes (media OS, 19.8 vs. 12.8 months). Additionally, the authors validated the test within a prognostic risk group, to ensure that the biomarker effect was due to the biomarker rather than other clinical variables.

""We developed this test specifically to address a significant clinical question in metastatic prostate cancer that previously had no clear answer: which treatment should be pursued next? This question weighs heavily on doctors and patients, but now, with the Oncotype DX AR-V7 test, we can provide them the confidence to know whether continuing with hormonal therapy or switching to chemotherapy will result in better survival outcomes,"" said Ryan Dittamore, chief of medical innovation at Epic Sciences and a co-author on the study. ""In addition, the survival benefit gained through the utilization of our AR-V7 test could make the test as valuable to a patient's outcome as a blockbuster cancer drug.""

This is the second blinded, multi-center clinical utility validation study utilizing the nuclear-localized AR-V7 test. Earlier this month, Dr. Andrew Armstrong of Duke Cancer Institute presented data validating the test in the PROPHECY clinical trial at the ASCO 2018 Annual Meeting. The PROPHECY study investigated the AR-V7 test in patients receiving ARSi therapy and demonstrated that patients who tested positive had worse survival by all measures and had no clinical benefit from ARSi therapy.

In March of this year, based upon earlier studies utilizing the test, Palmetto GBA, a Medicare Administrative Contractor that assesses molecular diagnostic technologies, issued a draft local coverage determination (LCD) for the Oncotype DX® AR-V7 Nucleus Detect™ test. A full LCD for the test is expected in the upcoming months and would support Medicare reimbursement for applicable patients considering ARSI or taxane therapies. It is estimated that 50,000 patients a year may be eligible for and benefit from the Oncotype DX® AR-V7 Nucleus Detect™ test.

The paper is entitled, ""Assessment of the Validity of Nuclear-Localized Androgen Receptor Splice Variant 7 in Circulating Tumor Cells as a Predictive Biomarker for Castration-Resistant Prostate Cancer.""

About the Oncotype DX® AR-V7 Nucleus Detect™ Test

Designed by Epic Sciences and based on results from multiple studies led by Memorial Sloan Kettering Cancer Center, the Oncotype DX® AR-V7 Nucleus Detect™ test is the first and only liquid biopsy test of its kind that can potentially prolong the lives of men with metastatic castration-resistant prostate cancer (mCRPC) by helping their physician identify the most effective treatment. Through a blood draw, the test detects AR-V7 protein in the nucleus of circulating tumor cells utilizing Epic Sciences' No Cell Left Behind® platform to accurately identify patients who are resistant to androgen receptor (AR)-targeted therapies and who should instead switch to chemotherapy. The Oncotype DX® AR-V7 Nucleus Detect™ test will be performed by Epic Sciences at its centralized, CLIA-certified laboratory in San Diego and offered exclusively by Genomic Health. To learn more about the Oncotype DX AR-V7 Nucleus Detest test, visit www.OncotypeIQ.com and watch this video to learn more.

About Epic Sciences

Epic Sciences, Inc. is developing novel diagnostics to personalize and advance the treatment and management of cancer. Epic Sciences' mission is to enable the rapid and non-invasive detection of genetic and molecular changes in cancer throughout a patient's journey. The company was founded on a powerful platform to identify and characterize rare cells, including circulating tumor cells. Epic Sciences No Cell Left Behind® technology helps match patients to therapies and monitor for drug resistance, so that the best treatment path can be chosen at every clinical decision point. Epic Sciences has partnered with Genomic Health to commercialize the Oncotype DX® AR-V7 Nucleus DetectTM test, which helps with therapeutic decisions between taxane chemotherapy or androgen-directed therapeutics in metastatic castrate-resistant prostate cancer. Today, we partner with leading pharmaceutical companies and major cancer centers around the world. Epic Sciences' goal is to increase the success rate of cancer drugs in clinical trials and improve patient outcomes by providing physicians real-time information to guide treatment choices. Epic Sciences is headquartered in San Diego.

Further information is available on the Company's website, www.epicsciences.com. Stay in touch on Linkedin, on Twitter @EpicSciences or on Facebook.com/EpicSciences.

Epic Sciences Media Contact: Jessica Yingling, Ph.D., Little Dog Communications Inc., jessica@litldog.com, +1.858.344.8091

SOURCE Epic Sciences, Inc.

Related Links

https://www.epicsciences.com

",full_article,false,false,gold,0,0,-100,2,22cbc9fdc06b5e5906c77d860926a9dd049e56c9,en,7017
fakehealth,news_reviews_00060,Blood test predicts spastic cerebral palsy,"Wilmington, DE -- A Delaware team including Erin Crowgey, PhD, associate director of Bioinformatics with Nemours Biomedical Research, has published a study in the peer-reviewed journal BMC Bioinformatics, showing that DNA patterns in circulating blood cells can be used to help identify spastic cerebral palsy (CP) patients (Crowgey et al.).

The work represents a collaboration among researchers at Nemours, the University of Delaware (UD) and Genome Profiling LLC (GenPro for short). Co-authors of the paper include Robert Akins, PhD, the project principal investigator, who directs the Center for Pediatric Clinical Research and Development at Nemours/Alfred I. duPont Hospital for Children; UD molecular biologist Adam Marsh, PhD, who is chief science officer at GenPro; and Karyn Robinson, MS and Stephanie Yeager, MS, of Nemours Biomedical Research.

Early diagnosis supports early intervention

Cerebral palsy is a common yet understudied neurodevelopmental problem in the U.S. In fact, there is no national surveillance here, but the CDC estimates that 1 in 323 American children have the condition. CP is a group of disabilities with a wide spectrum of severity. Spastic CP, the most common type, is a lifelong condition characterized by joint stiffness, spasms, and muscle tightness that affects movement and posture and restricts the activity of affected children.

Although most children (85-90%) with cerebral palsy are born with it, diagnosis may be delayed until 2+ years of age. A diagnosis is made by monitoring motor milestones; infants thought to be at risk for CP are enrolled in early intervention programs where their progress is closely watched. New and better ways to identify infants with CP are needed so that interventions can start earlier for more children.

Nemours, internationally recognized for its CP center at Alfred I. duPont Hospital for Children, serves a diverse population of more than 3,000 children and young adults with CP, one of the largest programs in the U.S. Clinicians and researchers at Nemours continuously seek to improve the diagnosis and care of CP patients. Funding from the Swank Foundation enabled Nemours to develop a cerebral palsy tissue bank that stores blood and tissue samples from hundreds of surgical patients at Nemours.

In the study, the research team profiled blood samples collected in a blinded study from children and adolescents 9-19 years to explore whether patients with spastic CP showed differences at the cellular level that routine orthopedic patients (needing ACL repairs, spinal fusions or other surgeries) did not. The researchers identified a strong set of methylation markers, or patterns, that indicate differences in the genome between children with spastic CP and those without it. In a second study, using samples from children aged 2-5 years, the researchers were able to validate their results and predict with 73 percent accuracy whether the blood samples came from children who had CP.

""The evidence suggests that there is some epigenetic connection,"" said Crowgey. ""If we can do a better job of screening for these at time of birth versus waiting for the disorder to be diagnosed at 2 years of age, then potentially we'll be able to deliver earlier therapeutics and have better outcomes and lower medical costs."" Medicaid data show that annual medical costs for a child with CP are 10 to 26 times higher than for those without CP.

The power of data science, analytics and machine learning

The study leverages a unique statistical method and software platform originally developed by Dr. Marsh at UD and commercialized by GenPro to measure methylation patterns in DNA (a cell's genetic code) using next generation sequencing (NGS) data. NGS is a technique that enables scientists to decode DNA faster and more cheaply than traditional DNA sequencing methods. Each person's genome, or complete set of DNA, is like a word that's the length of 3 billion characters; but spelled with only the letters A, T, C or G. Traditional DNA sequencing techniques decode sections of DNA 700 characters at a time, while NGS takes advantage of parallel computing capabilities, enabling scientists to decode millions of DNA fragments. Subtle changes in a patient's physical health are paralleled by changes in DNA methylation, making it a useful tool to understand disease.

""Many of the signals that we pick up are based on immune system shifts--meaning the way a person's immune system responds to external stress events. When we find that epigenetic response, or signal, in the genetic sequencing, it provides another line of evidence for clinicians to use in making decisions,"" said Marsh.

The approach uses sophisticated machine learning techniques and algorithms to sort through hundreds of gigabytes of NGS data looking for these distinct DNA methylation patterns. ""The data set is massive. It's not something a human can do. You need infrastructure, machine learning, data analysis, and data science,"" said Crowgey.

Promising results, more testing needed

While the study findings indicate that there is a consistent signal present in circulating blood cells of children with spastic CP that remains from early childhood to the teenage years, the researchers say they need to further study samples from different age groups, including teenagers, toddlers, and infants from birth to 2 years. Learning more about methylation signals across ages will allow the approach to be further refined to identify cases and also could provide researchers new clues to understanding the cellular processes involved in advancing CP, and consequently, new therapeutics to manage the disease.

""We're still in the early phases, but the results are extremely promising and we're excited about the sensitivity of the test that we are seeing in our retrospective analysis,"" said Crowgey. If successful, the researchers say the type of blood test in development also may be useful for other disorders, such as infant leukemia.

Akins was optimistic. ""This is an example of the kind of innovation that can happen when people with different skill sets collaborate. The experimental testing went from idea to validated execution in less than 12 months. We're now working toward a goal of eventually forming a clinical diagnostic test and applying it to a broad population."" Akins added that Nemours is in a unique position for such an undertaking with its large CP population, its growing strength in data science and analytics, and its recent acquisition of newborn screening for the state of Delaware. ""Many issues will need to be addressed, but we predict routine screening for CP in the near (<10 years) future,"" he said.

###

This research is funded by the Delaware Bioscience Center for Advanced Technology, the National Science Foundation, the American Academy for Cerebral Palsy and Developmental Medicine, and Nemours.

Pull out quote:

""This blood test could be a game changer. The earlier the diagnosis, the earlier we can direct therapies at the child. Specifically, high intensity physical therapy and possibly early surgery to prevent more significant problems in the future, and hopefully improve overall function and quality of life."" M. Wade Shrader, MD, Chief, Cerebral Palsy Center, Nemours/Alfred I. duPont Hospital for Children

About Nemours Children's Health System

Nemours is an internationally recognized children's health system that owns and operates the two free-standing children's hospitals: the Nemours/Alfred I. duPont Hospital for Children in Wilmington, Del., and Nemours Children's Hospital in Orlando, Fla., along with outpatient facilities in six states, delivering pediatric primary, specialty, and urgent care. Nemours also powers the world's most-visited website for information on the health of children and teens, KidsHealth.org, and offers on-demand, online video patient visits through Nemours CareConnect. Nemours ReadingBrightstart.org is a program dedicated to preventing reading failure in young children, grounded in Nemours' understanding that child health and learning are inextricably linked, and that reading level is a strong predictor of adult health.

Established as The Nemours Foundation through the legacy and philanthropy of Alfred I. duPont, Nemours provides pediatric clinical care, research, education, advocacy, and prevention programs to families in the communities it serves.",full_article,false,false,gold,0,0,-100,2,6efaa3b5223c86f5b202911b15b31181c6162331,en,8406
fakehealth,news_reviews_00061,California man's research leads him to Beaumont's Proton Therapy Center in Michigan,"Chordoma is a cancer that occurs in the bones of the spine, sacrum and skull base. Only about 300 Americans are diagnosed with this cancer each year. The tumors can be complex to treat because they are located along the spinal cord, nerves and arteries. Chordomas are part of a group of tumors called sarcomas. While slow growing, they can be aggressive.

Life-threatening tumor

Blindsided by the news his tailbone pain was caused by a life-threatening tumor, Tracy sought information and opinions. His doctor referred him to specialists at a major medical center in San Francisco. He learned surgery is the most common treatment. But, a surgeon told Tracy and wife, Karin Rittenberg, he should prepare for possible complications.

Said Tracy, ""We were told that I should prepare myself for the loss of functionality below the waist – including bowel, bladder and sexual functions. Even with surgery, there was a high risk of recurrence. That's when we began to research other options, such as radiation therapy.""

Treatment options

The couple then met with a radiation oncologist. The doctor explained in cases where surgery is not an option or the outcome of surgery was unacceptable, people turn to definitive radiation therapy. He provided Tracy and Karin with a copy of a published research paper on chordoma and the effects of definitive radiation. The lead author and researcher was Dr. Peyman Kabolizadeh, clinical director, Beaumont Proton Therapy Center in Royal Oak. While the findings were written for health care professionals and very technical, Tracy was encouraged.

""Definitive radiation therapy refers to curative radiation,"" explained Dr. Kabolizadeh. ""Radiation is the only treatment the patient receives."" In his study published in the International Journal of Radiation Oncology, Biology, Physics, he and his colleagues found, ""in circumstances where surgery may result in significant neurologic or organ dysfunction, patients can be treated definitively with radiation therapy alone. The results supported the use of high-dose definitive radiation therapy, via proton beam therapy, for selected patients with unresected spine and sacral chordomas.""

The San Francisco radiation oncologist not only shared Dr. Kabolizadeh's research paper, but also his contact information. Both Tracy and Karin learned about the differences between photon and proton radiation. They did their homework on treatment options, but for Tracy it became quite frustrating. Karin persisted in her fact-finding, when Tracy was down emotionally.

""You have to understand, because this cancer is so rare, there is limited research available,"" Tracy said. ""That was the truly scary part about making any decisions.""

Second, third and more opinions

They conferred with Dr. Kabolizadeh at Beaumont in Michigan by telephone. The couple also traveled to a highly-regarded cancer center in New York City.

""It seemed everyone I spoke with had a different opinion,"" said Tracy. ""I then determined, definitive radiation therapy was the way to go, but I had to decide which type and where. There was photon therapy available in San Francisco, but, in my research, I found out the photon beams don't stop at the tumor and have a greater possibility of affecting surrounding organs, too. I liked what I heard about the advantages of proton beams precisely targeting the tumor and stopping, sparing nearby tissue from harmful radiation.""

Deciding on proton therapy

Several factors went into Tracy's decision to choose proton therapy at Beaumont Hospital in Royal Oak. Not only were he and Karin impressed with the advanced cancer killing capabilities of the pencil beam proton therapy, but also with the expertise of Dr. Kabolizadeh.

""I looked at survivability, length of life and quality of life. Right now, I'm living life to the fullest and have a beautiful wife. We travel, entertain friends and are diehard Giants fans,"" explained Tracy. ""Beaumont has the most advanced equipment, and someone who is familiar with treatments for my rare cancer. I felt that gave me the best chance of success. Dr. Kabolizadeh has the vehicle and knows how to drive it! Every time we spoke, he was honest, open and candid. His candor was refreshing.""

About 3 months after his cancer diagnosis, Tracy traveled to Royal Oak in late January to begin his proton treatments. On Tuesday, April 3, he completed his nine weeks of treatment.

He not only looks forward to watching his beloved Giants at AT&T Park, but hanging out with his dog Neyo. And Karin looks forward to him shaving the ""treatment beard"" he has been growing since his treatments began.

Beaumont proton team 'second to none'

""I realize I'm extremely fortunate to have been able to consider traveling to another state for treatment and live there for two and a half months,"" said Tracy. ""I'm also fortunate that Karin's company has been supportive of her working remotely so she could stay with me. And I'm so grateful for the tremendous outpouring of love and support we've received from our family and friends during our stay in Michigan. That helped keep our spirits high.""

And when asked about his treatment experience, Tracy remarked, ""Every single person that I've engaged with at Beaumont has been a delight. They all made what could have been a difficult experience tolerable. The facilities are impressive, clean and welcoming, but the difference is the people – best hospital staff I've ever encountered. The team in the Proton Therapy Center is second to none.""

About Beaumont's Proton Therapy Center

Beaumont's center is one of just 28 proton therapy centers in the U.S. It is the only operational proton therapy center in Michigan.

How proton therapy works

Proton therapy is a high-tech alternative to X-ray radiation. A scanning beam of proton radiation with online image guidance offers greater precision to destroy cancerous cells, sparing adjacent healthy tissue with fewer side effects.

Proton therapy uses positively charged atomic particles, traveling up to two-thirds the speed of light, to fight cancer. A cyclotron, or particle accelerator, creates protons from hydrogen molecules. The proton beam is sent to the treatment room through a transport system consisting of magnets, called the beam line, finally arriving in the gantry, a device that rotates around the patient. The beam is directed to the patient through a nozzle that targets the tumor.

While proton therapy is not effective against all cancers, it is effective in treating many solid and localized tumors.

Advanced technology

""Our IBA ProteusOne single-room treatment system includes precision technologies,"" said Dr. Kabolizadeh. ""Intensity Modulated Proton Therapy, which combines Pencil Beam Scanning and 3-D Cone Beam CT, can target a tumor within less than a millimeter.""

Pencil Beam Scanning refers to the delivery of protons in a thin beam. Like a pencil, the beam uses back and forth motions to target the treatment area – the shape, size and depth. It ""paints"" a radiation dose on tumors layer by layer. Compared to X-ray beams, which pass through a patient, proton beams deliver targeted radiation to the tumor and then stop – resulting in no exit dose.

Radiation oncologists at Beaumont are well versed in precise image guidance, having developed cone beam CT technology almost 20 years ago.

Dr. Kabolizadeh explained, ""Image guidance allows doctors to visualize tumors during therapy to assess response and make sure the tumor is treated correctly every day.""

Comprehensive cancer care

Proton therapy is an important addition to Beaumont's comprehensive arsenal of leading-edge cancer treatments. Beaumont's Radiation Oncology department is ranked among the nation's best for advanced technology, innovative treatment and research. Advanced radiation treatments developed at Beaumont include adaptive radiation therapy, image-guided radiation therapy, intensity-modulated arc therapy, high-dose rate brachytherapy and hyperthermia therapy.

To learn more about the new center and its capabilities, call Beaumont's Radiation Oncology program at 248-551-8402 or go to www.Beaumont.org/proton-therapy.

Media contacts:

Robert.Ortlieb@beaumont.org, 248-551-1077

Mark.Geary@beaumont.org, 248-551-0743

SOURCE Beaumont Hospital, Royal Oak

Related Links

http://www.Beaumont.org

",full_article,false,false,gold,0,0,-100,2,ea05cc90ce83f91b9d130aba4ac8f5b1e5fb70b0,en,8332
fakehealth,news_reviews_00062,BCG vaccine leads to long-term blood sugar improvement in type 1 diabetes patients,"Long-term follow-up of participants in clinical trials of a generic vaccine to reverse advanced type 1 diabetes finds significant clinical benefits, including restoration of near-normal blood sugar levels. Three years after receiving two administrations of the bacillus Calmette-Guérin (BCG) vaccine four weeks apart, all members of a group of adults with longstanding type 1 diabetes showed an improvement in HbA1c to near normal levels - improvement that persisted for the following five years. The study from a Massachusetts General Hospital (MGH) research team - published in npj Vaccines - also reports that the effects of BCG vaccine on blood sugar control appear to depend on a totally novel metabolic mechanism that increases cellular consumption of glucose.

""This is clinical validation of the potential to stably lower blood sugars to near normal levels with a safe vaccine, even in patients with longstanding disease,"" says Denise Faustman, MD, PhD, director of the MGH Immunobiology Laboratory , principal investigator of BCG clinical trials at MGH and senior author of the npj Vaccines report. ""In addition to the clinical outcomes, we now have a clear understanding of the mechanisms through which limited BCG vaccine doses can make permanent, beneficial changes to the immune system and lower blood sugars in type 1 diabetes.""

Faustman will also present five-year follow-up results of a separate group of BCG clinical trial participants with longstanding type 1 diabetes on Saturday, June 23, at the 78th Scientific Sessions of the American Diabetes Association in Orlando.

Used for almost a century to prevent tuberculosis, BCG has been known for more than 30 years to boost production of a cytokine called tumor necrosis factor (TNF), which may be beneficial in autoimmune diseases both by eliminating the autoreactive T cells that attack an individual's tissues - in the case of type 1 diabetes, pancreatic islets - and by inducing production of regulatory T cells (Tregs) that could prevent an autoimmune reaction. Faustman's team first reported in 2001 that inducing TNF production could cure type 1 diabetes in mice, but since TNF dosing is toxic in humans, clinical trials have utilized BCG for its ability to elevate TNF levels safely.

Initial clinical trial results, published in a 2012 PLOS One paper, reported that two doses of BCG spaced four weeks apart led to reductions in autoreactive T cells, an increase in Tregs and what turned out to be a transient increase in insulin production. But by the end of that short, 20-week trial, there was no reduction in HbA1c, the established measure of blood sugar levels over time. An extension and expansion of that trial with long term follow-up, the current results are based on data from 282 human study participants - 52 with type 1 diabetes who participated in the BCG clinical trials and 230 who contributed blood samples for mechanistic studies.

Regular monitoring of clinical trial participants found that HbA1c levels of those receiving BCG had dropped by more than 10 percent at three years after treatment and by more than 18 percent at four years. That reduction was maintained over the next four years, with treated participants having an average HbA1c of 6.65, close to the 6.5 considered the threshold for diabetes diagnosis, and with no reports of severe hypoglycemia. Participants in the placebo group and in a comparison group of patients receiving no treatment experienced consistent HbA1c elevations over the same eight-year time period.

In investigating how BCG administration produces its beneficial effects, the research team identified a mechanism never previously seen in humans in response to treatment with any drug - a shifting of the process of glucose metabolism from oxidative phosphorylation, the most common pathway by which cells convert glucose into energy, to aerobic glycolysis, a process that involves significantly greater glucose consumption by cells. The researchers also found that BCG could reduce blood sugar elevations in mice that were caused by means other than autoimmune attack, raising the possibility that BCG vaccines could also be beneficial against type 2 diabetes.

Mihai G. Netea, PhD, professor in the Department of Internal Medicine at Radboud University Medical Center in the Netherlands, says of this study, ""The clinical effects and the proposed mechanism demonstrated are exciting and add to the emerging consensus that the BCG vaccine can have a lasting and valuable impact on the immune system. We know, and this study shows, that BCG vaccination induces epigenetic reprogramming at the chromatin architecture level and functional alterations indicative of a permanent change in immunity. The MGH trials and other, larger prevention and intervention trials underway around the globe may lead to a major shift in the prevention and treatment of infections and autoimmunity."" Netea was not involved in the current study.

###

The MGH team's findings set the stage for further testing of BCG administration, including the FDA-approved phase 2 study currently underway, testing multiple BCG doses in a large group of participants with longstanding type 1 diabetes. That trial is fully enrolled, and there are seven additional BCG clinical trial groups currently recruiting or enrolling at MGH, with a pediatric trial in the planning stages. The MGH BCG clinical trial program is entirely funded by private philanthropy from individuals and family foundations, including the Iacocca Foundation. Additional information about clinical trials, including information for potential participants and financial supporters, is available at http://www. faustmanlab. org or by emailing DiabetesTrial@partners.org.

The lead author of the npj Vaccines paper is Willem M. Kühtreiber, PhD, MGH Immunobiology Laboratories. Additional co-authors are Lisa Tran, Taesoo Kim, Michael Dybala, Brian Nguyen, Sara Plager, Daniel Huang, Sophie Janes, Audrey Defusco, and Danielle Baum, MGH Immunobiology; and Hui Zheng, PhD, MGH Biostatistics.

Massachusetts General Hospital, founded in 1811, is the original and largest teaching hospital of Harvard Medical School. The MGH Research Institute conducts the largest hospital-based research program in the nation, with an annual research budget of more than $900 million and major research centers in HIV/AIDS, cardiovascular research, cancer, computational and integrative biology, cutaneous biology, genomic medicine, medical imaging, neurodegenerative disorders, regenerative medicine, reproductive biology, systems biology, photomedicine and transplantation biology. The MGH topped the 2015 Nature Index list of health care organizations publishing in leading scientific journals and earned the prestigious 2015 Foster G. McGaw Prize for Excellence in Community Service. In August 2017 the MGH was once again named to the Honor Roll in the U.S. News & World Report list of ""America's Best Hospitals.""",full_article,mixed,mixed,gold,0,1,-100,2,915d7d3fd5088b8d1de81f25f180423e0d79245a,en,6966
fakehealth,news_reviews_00063,Large international study links blood vitamin D levels to colorectal cancer risk,"A new study authored by scientists from the American Cancer Society, the Harvard T.H. Chan School of Public Health, the U.S. National Cancer Institute, and more than 20 other medical centers and organizations finds that higher circulating vitamin D concentrations are significantly associated with lower colorectal cancer risk. This study strengthens the evidence, previously considered inconclusive, for a protective relationship. Optimal vitamin D concentrations for colorectal cancer prevention may be higher than the current National Academy of Medicine recommendations, which are based only on bone health. The study appears online in the Journal of the National Cancer Institute.

Vitamin D, known for its role in maintaining bone health, is hypothesized to lower colorectal cancer risk via several pathways related to cell growth and regulation. Previous prospective studies have reported inconsistent results for whether higher concentrations of circulating 25-hydroxyvitamin D, the accepted measure of vitamin D status, are linked to lower risk of colorectal cancer. The few randomized clinical trials of vitamin D supplementation and colorectal cancer completed thus far have not shown an effect; but study size, supplementation duration, and compliance may have contributed to their null findings.

""To address inconsistencies in prior studies on vitamin D and to investigate associations in population subgroups, we analyzed participant-level data, collected before colorectal cancer diagnosis, from 17 prospective cohorts and used standardized criteria across the studies,"" said Stephanie Smith-Warner, PhD, an epidemiologist at the Harvard T.H. Chan School of Public Health and co-senior author on the article. The analysis included over 5,700 colorectal cancer cases and 7,100 controls from the United States, Europe, and Asia. A single, widely accepted assay and laboratory was used for new vitamin D measurements and calibration of existing vitamin D measurements. ""In the past, substantial differences between assays made it difficult to integrate vitamin D data from different studies,"" explained Regina G. Ziegler, PhD, a National Cancer Institute epidemiologist and co-senior author on the article. ""This calibration approach enabled us to systematically explore risk over the broad range of vitamin D levels seen internationally.""

Compared to participants with circulating vitamin D concentrations considered sufficient for bone health, those with deficient concentrations of vitamin D had a 31% higher risk of colorectal cancer during follow-up, which averaged 5.5 years (range: 1 - 25 years). Similarly, concentrations above bone health sufficiency were associated with a 22% lower risk. However, risk did not continue to decline at the highest concentrations. These associations persisted even after adjusting for known colorectal cancer risk factors. Protective associations were seen in all subgroups examined. However, the association was noticeably stronger in women than men at concentrations above bone health sufficiency. The lifetime risk of colorectal cancer is 4.2% (1 in 24) in women and 4.5% (1 in 22) in men. Colorectal cancer is the third most common cancer and third leading cause of cancer-related deaths in both men and women in the United States, with about 140,250 new cases and 50,630 deaths expected during 2018.

""Currently, health agencies do not recommend vitamin D for the prevention of colorectal cancer,"" said Marji L. McCullough, ScD, American Cancer Society epidemiologist and co-first author of the study. ""This study adds new information that agencies can use when reviewing evidence for vitamin D guidance and suggests that the concentrations recommended for bone health may be lower than would be optimal for colorectal cancer prevention.""

Vitamin D can be obtained in the diet, particularly from fortified foods, from supplements, and from sun exposure. Experts recommend vitamin D be obtained through diet whenever possible because excessive ultraviolet radiation is a major risk factor for skin cancer.

###

Article: Circulating Vitamin D and Colorectal Cancer Risk: An International Pooling Project of 17 Cohorts. JNCI J Natl Cancer Inst doi: 10.1093/jnci/djy087",full_article,true,true,gold,0,2,-100,2,c8074cc78275a79e0f92f81c40d75ec87f0b7af7,en,4227
fakehealth,news_reviews_00064,XARELTO® (rivaroxaban) Associated with Significantly Reduced Time in Hospital and Decreased Costs Compared to Standard of Care in New Study of Patients with Low-Risk Pulmonary Embolism (PE),"TITUSVILLE, N.J., June 14, 2018 /PRNewswire/ -- The Janssen Pharmaceutical Companies of Johnson & Johnson today announced results from the MERCURY PE study, which showed that people with low-risk pulmonary embolism (PE) treated with XARELTO® (rivaroxaban) and discharged from the emergency department had significantly reduced time in the hospital and a median savings of $2,496 in per patient costs, compared to standard of care in-patient treatment. Results from MERCURY PE, which evaluated the benefits of treating patients with low-risk PE with XARELTO® and discharging them early from the emergency department to complete treatment at home, were published in Academic Emergency Medicine.

Click to Tweet: New study shows out-patient use of Janssen #bloodthinner results in cost savings and reduces time in hospital for low-risk PE patients https://ctt.ac/RZ2ka+

""Every year, U.S. health care systems spend more than two billion dollars to manage patients with pulmonary emboli,"" said principal study investigator W. Frank Peacock, MD, FACEP, FACC, Associate Chair and Research Director, Emergency Medicine, Baylor College of Medicine, Houston, TX. ""By avoiding hospitalizations that are not clinically necessary and transitioning patients with low-risk PE to out-patient treatment with XARELTO®, we've seen significant cost savings, which could help alleviate the burden on health care systems.""



Venous thromboembolism (VTE) includes deep vein thrombosis (DVT), a blood clot in a deep vein, and PE, a potentially life-threatening condition that occurs when a blood clot travels to the lung. Of the approximately 900,000 Americans who experience a VTE each yeari, more than 250,000 are diagnosed with PE in the emergency departmentii. Hospitals across the United States have varying protocols for managing PE, but standard of care typically requires people to be admitted for treatment, which drives up costs and substantially increases hospital-acquired conditions and infectionsiii,iv. While people with more severe PE have higher mortality rates, the 30-day mortality rate of low-risk PE is less than one percentv.

Click to Tweet: Patients taking Janssen blood thinner say in a new study that out-patient treatment is less burdensome than the standard of care https://ctt.ac/W41cS+

MERCURY PE met its primary efficacy endpoint, with XARELTO® leading to significantly reduced time in the hospital due to VTE or bleeding within 30 days after randomization compared with the standard of care (mean duration of 4.8 vs. 33.6 hours, respectively; 95% CI; p<0.0001). The mean difference of length of stay between the two groups was 28.8 hours. Of note, there was no recurrence of VTE or VTE-related death or any significant differences in the bleeding-related hospitalizations or physician visits within 90 days from randomization in either group, though this outcome should be interpreted with caution, as the study was significantly underpowered to detect any such differences.

""We're proud to have pioneered this groundbreaking research, which was the first prospective randomized trial to confirm the benefit of discharging patients with low-risk PE early from the hospital and completing treatment at home,"" said Paul Burton, MD, PhD, FACC, Vice President, Janssen Scientific Affairs, LLC. ""We expect that this XARELTO® study will prompt physicians to reconsider how patients with low-risk PE are managed.""

About MERCURY-PE

Patients with low-risk PE were randomly assigned in a 1:1 ratio to open label XARELTO® or standard of care within 12 hours of diagnosis. Patients randomized to XARELTO® were discharged from the emergency department within 24 hours and were instructed to take XARELTO® 15 mg twice daily for 21 days, then XARELTO® 20 mg once daily until the study was completed. Patients randomized to standard of care were treated per local hospital protocol, which could include hospitalization and any U.S. Food and Drug Administration-approved anticoagulant strategy, including XARELTO®.

Researchers also made the following observations about XARELTO® in this setting:

The mean length of initial and subsequent hospitalizations for any reason was shorter for patients who were discharged early on XARELTO ® within 90 days from randomization compared to those receiving standard of care (p=0.024; 19.2 hours vs. 43.2 hours, respectively).

within 90 days from randomization compared to those receiving standard of care (p=0.024; 19.2 hours vs. 43.2 hours, respectively). There was no major bleeding in either group within 90 days from randomization, although two patients reported clinically relevant non-major bleeding, one in each group. There were no deaths due to bleeding in the study.

Overall, early discharge on XARELTO® was markedly less expensive than standard of care. The cost associated with the emergency room visit and any subsequent hospitalization at the time of PE diagnosis and the total costs were $2,638 (p<0.001) and $2,496 (p<0.001) less with XARELTO®.

MERCURY PE builds on prior research, including a June 2015 study published in Academic Emergency Medicine showing that 106 patients with low-risk PE or DVT, when prescribed XARELTO® and immediately discharged, had no recurrent events while on therapy. Additionally, no major or clinically relevant bleeding events were observed. A companion study found patients with low-risk PE or DVT who were prescribed XARELTO® had significantly lower medical costs than those admitted and given standard treatment.

The clinical and economic benefits demonstrated in the MERCURY-PE trial have been confirmed in more than 3,100 U.S. patients in a real-world study, showing that XARELTO® resulted in a significant one-day reduction in hospital length of stay and significantly lower total healthcare costs (approximately $2,000).

MERCURY PE Patient Satisfaction Results

Patient satisfaction, both with out-patient and in-patient care, was also analyzed using Likert scales and the Anti-Clot Treatment Score (ACTS). On the Likert scales, most patients in both groups indicated they were ""very satisfied"" with their care, but numerically more patients taking XARELTO® preferred to receive outpatient care (50 percent) compared to slightly less than half of patients receiving in-patient standard of care (47.5 percent). The ACTS measured the patient's perspective on the burden of treatment, with more patients taking XARELTO® reporting it was ""not at all"" burdensome compared to those receiving standard of care (64.4 percent vs. 54.4 percent).

About MERCURY PE

MERCURY PE was a randomized, open label, parallel-group, multicenter trial conducted at 35 hospitals across the U.S. Adult patients who arrived at the emergency department with confirmed, low-risk PE (defined by the absence of any Hestia criteria) were eligible for enrollment. Of the 114 patients randomized, 99 completed the study (44 in the XARELTO® group and 55 in the standard of care group). Patients who did not complete the study were mainly lost to follow-up or adverse events. Analyses were conducted by intention-to-treat basis, regardless of the anticoagulant used.

The primary efficacy outcome was the total amount of time spent in the hospital (in hours) for VTE or bleeding events in the 30 days after randomization. Hospital readmissions for reasons unrelated to VTE were excluded. The primary safety outcome was major bleeding within 90 days. Secondary efficacy endpoints included 90-day rates of new/recurrent VTE, VTE-related death, unplanned hospital or physician office visits for VTE or bleeding, total length of initial or subsequent hospitalizations for any reason, patient-reported satisfaction, and total costs of care. A secondary safety endpoint was clinically relevant non-major bleeding based on International Society on Thrombosis and Haemostasis (ISTH) definitions.

MERCURY PE also had a few limitations, including sample size (study enrolled 114 of a planned 300 patients), exclusion bias based on subjective evaluation of hemodynamic stability and ability to adhere to protocol, and potential bias due to inability to blind patients to their admission status.

About EXPLORER

MERCURY PE is part of the EXPLORER program, which is unmatched by any oral anticoagulant in the Factor Xa inhibitor class in its size, scope and ambition. A collaborative effort between Janssen and its development partner Bayer, EXPLORER seeks to generate important clinical evidence on the safety and efficacy of XARELTO® and its potential role in addressing critical unmet medical needs. A number of the studies in the program are designed to seek additional indications or expand the label for XARELTO® to benefit more patients in need of additional therapies for their cardiovascular disease. By the time of its completion, more than 275,000 patients will have participated in the EXPLORER clinical development program, other completed and ongoing clinical trials, investigative registries and non-interventional studies.

WHAT IS XARELTO®?

XARELTO® (rivaroxaban) is a prescription medicine used to reduce the risk of stroke and blood clots in people with atrial fibrillation not caused by a heart valve problem. For patients currently well managed on warfarin, there is limited information on how XARELTO® and warfarin compare in reducing the risk of stroke.

XARELTO® is also a prescription medicine used to treat deep vein thrombosis (DVT) and pulmonary embolism (PE), and to reduce the risk of blood clots happening again in people who continue to be at risk for DVT or PE after receiving treatment for blood clots for at least 6 months.

XARELTO® is also a prescription medicine used to reduce the risk of forming a blood clot in the legs and lungs of people who have just had knee or hip replacement surgery.

IMPORTANT SAFETY INFORMATION

What is the most important information I should know about XARELTO® (rivaroxaban)?

For people taking XARELTO® for atrial fibrillation:

People with atrial fibrillation (an irregular heart beat) are at an increased risk of forming a blood clot in the heart, which can travel to the brain, causing a stroke, or to other parts of the body. XARELTO® lowers your chance of having a stroke by helping to prevent clots from forming. If you stop taking XARELTO®, you may have increased risk of forming a clot in your blood.

Do not stop taking XARELTO® without talking to the doctor who prescribes it for you. Stopping XARELTO® increases your risk of having a stroke.

If you have to stop taking XARELTO®, your doctor may prescribe another blood thinner medicine to prevent a blood clot from forming.

XARELTO® can cause bleeding, which can be serious, and rarely may lead to death. This is because XARELTO® is a blood thinner medicine (anticoagulant) that reduces blood clotting. While you take XARELTO® you are likely to bruise more easily, and it may take longer for bleeding to stop.

You may have a higher risk of bleeding if you take XARELTO® and take other medicines that increase your risk of bleeding, including:

Aspirin or aspirin-containing products



Non-steroidal anti-inflammatory drugs (NSAIDs)



Warfarin sodium (Coumadin ® , Jantoven ® )

, Jantoven )

Any medicine that contains heparin



Clopidogrel (Plavix ® )

)

Selective serotonin reuptake inhibitors (SSRIs) or serotonin norepinephrine reuptake inhibitors (SNRIs)



Other medicines to prevent or treat blood clots

Tell your doctor if you take any of these medicines. Ask your doctor or pharmacist if you are not sure if your medicine is one listed above.

Call your doctor or get medical help right away if you develop any of these signs or symptoms of bleeding:

Unexpected bleeding or bleeding that lasts a long time, such as:

Nosebleeds that happen often



Unusual bleeding from gums



Menstrual bleeding that is heavier than normal, or vaginal bleeding

Bleeding that is severe or you cannot control

Red, pink, or brown urine

Bright red or black stools (looks like tar)

Cough up blood or blood clots

Vomit blood or your vomit looks like ""coffee grounds""

Headaches, feeling dizzy or weak

Pain, swelling, or new drainage at wound sites

Spinal or epidural blood clots (hematoma): People who take a blood thinner medicine like XARELTO ® , and have medicine injected into their spinal and epidural area, or have a spinal puncture, have a risk of forming a blood clot that can cause long-term or permanent loss of the ability to move (paralysis). Your risk of developing a spinal or epidural blood clot is higher if:

People who take a blood thinner medicine like XARELTO , and have medicine injected into their spinal and epidural area, or have a spinal puncture, have a risk of forming a blood clot that can cause long-term or permanent loss of the ability to move (paralysis). Your risk of developing a spinal or epidural blood clot is higher if: A thin tube called an epidural catheter is placed in your back to give you certain medicine



You take NSAIDs or a medicine to prevent blood from clotting



You have a history of difficult or repeated epidural or spinal punctures



You have a history of problems with your spine or have had surgery on your spine

If you take XARELTO® and receive spinal anesthesia or have a spinal puncture, your doctor should watch you closely for symptoms of spinal or epidural blood clots. Tell your doctor right away if you have back pain, tingling, numbness, muscle weakness (especially in your legs and feet), or loss of control of the bowels or bladder (incontinence).

XARELTO® is not for people with artificial heart valves.

Do not take XARELTO® if you:

Currently have certain types of abnormal bleeding. Talk to your doctor before taking XARELTO ® if you currently have unusual bleeding.

if you currently have unusual bleeding. Are allergic to rivaroxaban or any of the ingredients of XARELTO®.

Before taking XARELTO®, tell your doctor about all your medical conditions, including if you:

Have ever had bleeding problems

Have liver or kidney problems

Are pregnant or plan to become pregnant. It is not known if XARELTO ® will harm your unborn baby.

will harm your unborn baby. Tell your doctor right away if you become pregnant during treatment with XARELTO ® . Taking XARELTO ® while you are pregnant may increase the risk of bleeding in you or in your unborn baby.

. Taking XARELTO while you are pregnant may increase the risk of bleeding in you or in your unborn baby.

If you take XARELTO ® during pregnancy, tell your doctor right away if you have any signs or symptoms of bleeding or blood loss. See ""What is the most important information I should know about XARELTO ® ?"" for signs and symptoms of bleeding.

during pregnancy, tell your doctor right away if you have any signs or symptoms of bleeding or blood loss. Are breastfeeding or plan to breastfeed. XARELTO® may pass into your breast milk. You and your doctor should decide if you will take XARELTO® or breastfeed.

Tell all of your doctors and dentists that you are taking XARELTO®. They should talk to the doctor who prescribed XARELTO® for you before you have any surgery, medical or dental procedure.

Tell your doctor about all the medicines you take, including prescription and over-the-counter medicines, vitamins, and herbal supplements. Some of your other medicines may affect the way XARELTO® works. Certain medicines may increase your risk of bleeding. See ""What is the most important information I should know about XARELTO®?""

How should I take XARELTO®?

Take XARELTO ® exactly as prescribed by your doctor.

exactly as prescribed by your doctor. Do not change your dose or stop taking XARELTO ® unless your doctor tells you to.

unless your doctor tells you to. Your doctor may change your dose if needed.

If you take XARELTO ® for:

for: Atrial Fibrillation:



Take XARELTO ® 1 time a day with your evening meal.





If you miss a dose of XARELTO ® , take it as soon as you remember on the same day. Take your next dose at your regularly scheduled time.

, take it as soon as you remember on the same day. Take your next dose at your regularly scheduled time.

Blood clots in the veins of your legs or lungs:



Take XARELTO ® 1 or 2 times a day as prescribed by your doctor.

as prescribed by your doctor.



For the 15-mg and 20-mg doses , XARELTO ® should be taken with food.

, XARELTO



For the 10-mg dose , XARELTO ® may be taken with or without food.

, XARELTO



Take your XARELTO ® dose(s) at the same time each day.

dose(s) at the same time each day.



If you miss a dose:





If you take the 15-mg dose of XARELTO ® 2 times a day (a total of 30 mg of XARELTO ® in 1 day): Take XARELTO ® as soon as you remember on the same day. You may take 2 doses at the same time to make up for the missed dose. Take your next dose at your regularly scheduled time.

Take XARELTO as soon as you remember on the same day. You may take 2 doses at the same time to make up for the missed dose. Take your next dose at your regularly scheduled time.





If you take XARELTO ® 1 time a day: Take XARELTO ® as soon as you remember on the same day. Take your next dose at your regularly scheduled time.

Take XARELTO as soon as you remember on the same day. Take your next dose at your regularly scheduled time.

Hip or knee replacement surgery:



Take XARELTO ® 1 time a day with or without food.

1 time a day with or without food.



If you miss a dose of XARELTO ® , take it as soon as you remember on the same day. Take your next dose at your regularly scheduled time.

, take it as soon as you remember on the same day. Take your next dose at your regularly scheduled time. If you have difficulty swallowing the XARELTO ® tablet whole, talk to your doctor about other ways to take XARELTO ® .

tablet whole, talk to your doctor about other ways to take XARELTO . Your doctor will decide how long you should take XARELTO ® .

. Your doctor may stop XARELTO ® for a short time before any surgery, medical or dental procedure.

for a short time before any surgery, medical or dental procedure. Your doctor will tell you when to start taking XARELTO ® again after your surgery or procedure.

again after your surgery or procedure. Do not run out of XARELTO ® . Refill your prescription for XARELTO ® before you run out. When leaving the hospital following a hip or knee replacement, be sure that you have XARELTO ® available to avoid missing any doses.

. Refill your prescription for XARELTO before you run out. When leaving the hospital following a hip or knee replacement, be sure that you have XARELTO available to avoid missing any doses. If you take too much XARELTO®, go to the nearest hospital emergency room or call your doctor right away.

WHAT ARE THE POSSIBLE SIDE EFFECTS OF XARELTO®?

See ""What is the most important information I should know about XARELTO®?""

Call your doctor for medical advice about side effects. You are also encouraged to report side effects to the FDA: visit http://www.fda.gov/medwatch or call 1-800-FDA-1088. You may also report side effects to Janssen Pharmaceuticals, Inc., at 1-800-JANSSEN (1-800-526-7736).

Please click here for full Prescribing Information, including Boxed Warnings, and Medication Guide.

Trademarks are those of their respective owners.

Janssen and Bayer together are developing rivaroxaban.

For more information about XARELTO®, visit www.xarelto.com.

About the Janssen Pharmaceutical Companies

At the Janssen Pharmaceutical Companies of Johnson & Johnson, we are working to create a world without disease. Transforming lives by finding new and better ways to prevent, intercept, treat and cure disease inspires us. We bring together the best minds and pursue the most promising science.

We are Janssen. We collaborate with the world for the health of everyone in it. Learn more at www.janssen.com. Follow us on Twitter at @JanssenUS. Janssen Pharmaceuticals, Inc. and Janssen Scientific Affairs, LLC are part of the Janssen Pharmaceutical Companies of Johnson & Johnson.

Cautions Concerning Forward-Looking Statements

This press release contains ""forward-looking statements,"" as defined in the Private Securities Litigation Reform Act of 1995, regarding product development and the presentation of new data and analyses regarding XARELTO® (rivaroxaban). The reader is cautioned not to rely on these forward-looking statements. These statements are based on current expectations of future events. If underlying assumptions prove inaccurate or known or unknown risks or uncertainties materialize, actual results could vary materially from the expectations and projections of any of the Janssen Pharmaceutical Companies and/or Johnson & Johnson. Risks and uncertainties include, but are not limited to: challenges and uncertainties inherent in product research and development, including the uncertainty of clinical success and of obtaining regulatory approvals; uncertainty of commercial success; manufacturing difficulties and delays; competition, including technological advances, new products and patents attained by competitors; challenges to patents; product efficacy or safety concerns resulting in product recalls or regulatory action; changes in behavior and spending patterns of purchasers of health care products and services; changes to applicable laws and regulations, including global health care reforms; and trends toward health care cost containment. A further list and descriptions of these risks, uncertainties and other factors can be found in Johnson & Johnson's Annual Report on Form 10-K for the fiscal year ended December 31, 2017, including in the sections captioned ""Item 1A. Risk Factors"" and ""Cautionary Note Regarding Forward-Looking Statements,"" and the company's subsequent filings with the Securities and Exchange Commission. Copies of these filings are available online at www.sec.gov, www.jnj.com or on request from Johnson & Johnson. Neither the Janssen Pharmaceutical Companies nor Johnson & Johnson undertakes to update any forward-looking statement as a result of new information or future events or developments.

i Centers for Disease Control and Prevention. Venous thromboembolism (blood clots); Data and statistics. 2015. Available at: http://www.cdc.gov/ncbddd/dvt/data.html.

ii Schissler AJ, Rozenshtein A, Schluger NW, Einstein AJ. National trends in emergency room diagnosis of pulmonary embolism, 2001–2010: a cross-sectional study. Respiratory Research 2015;16:44.

iii Kandilov A. Analysis report: estimating the incremental costs of hospital-acquired conditions (HACs). Centers for Medicare and Medicaid Services website. Available at: https://www.cms.gov/Medicare/Medicare-Fee-for-Service-Payment/HospitalAcqCond/index.html [Last accessed 20 May 2016]

iv Wang L, Baser O, Wells P, Peacock WF, Coleman CI, Ferman GJ, Schein J, Crivera C. (2017) Benefit of early discharge among patients with low-risk pulmonary embolism. PLOS 316 ONE 12(10): e0185022. https://doi.org/10.1371/journal.pone.0185022 http://journals.plos.org/plosone/article?id=10.1371/journal.pone.0185022

v Kahler ZP, Beam DM, Kline JA. Cost of Treating Venous Thromboembolism With Heparin and Warfarin Versus Home Treatment With Rivaroxaban. Acad Emerg Med 2015;22:796-802.

Media contacts:

Sarah Freeman

Mobile: (215) 510-4758

sfreem21@its.jnj.com

Christina Chan

Office: (908) 927-5769

Mobile: (908) 635-2406

cchan20@its.jnj.com

Investor contacts:

Johnson & Johnson

Joseph J. Wolk

Office: (732) 524-1142

Lesley Fishman

Office: (732) 524-3922

SOURCE Janssen Pharmaceutical Companies of Johnson & Johnson

Related Links

http://www.janssen.com

",full_article,mixed,mixed,gold,0,1,-100,2,8b3e390f36a72259fa681d329e03294f8d39e47c,en,23583
fakehealth,news_reviews_00065,Temple researchers reverse cognitive impairments in mice with dementia,"(Philadelphia, PA) - Reversing memory deficits and impairments in spatial learning is a major goal in the field of dementia research. A lack of knowledge about cellular pathways critical to the development of dementia, however, has stood in the way of significant clinical advance. But now, researchers at the Lewis Katz School of Medicine at Temple University (LKSOM) are breaking through that barrier. They show, for the first time in an animal model, that tau pathology - the second-most important lesion in the brain in patients with Alzheimer's disease - can be reversed by a drug.

""We show that we can intervene after disease is established and pharmacologically rescue mice that have tau-induced memory deficits,"" explained senior investigator Domenico Praticò, MD, Scott Richards North Star Foundation Chair for Alzheimer's Research, Professor in the Departments of Pharmacology and Microbiology, and Director of the Alzheimer's Center at Temple at LKSOM. The study, published online in the journal Molecular Neurobiology, raises new hope for human patients affected by dementia.

The researchers landed on their breakthrough after discovering that inflammatory molecules known as leukotrienes are deregulated in Alzheimer's disease and related dementias. In experiments in animals, they found that the leukotriene pathway plays an especially important role in the later stages of disease.

""At the onset of dementia, leukotrienes attempt to protect nerve cells, but over the long term, they cause damage,"" Dr. Praticò said. ""Having discovered this, we wanted to know whether blocking leukotrienes could reverse the damage, whether we could do something to fix memory and learning impairments in mice having already abundant tau pathology.""

To recapitulate the clinical situation of dementia in humans, in which patients are already symptomatic by the time they are diagnosed, Dr. Praticò and colleagues used specially engineered tau transgenic mice, which develop tau pathology - characterized by neurofibrillary tangles, disrupted synapses (the junctions between neurons that allow them to communicate with one another), and declines in memory and learning ability - as they age. When the animals were 12 months old, the equivalent of age 60 in humans, they were treated with zileuton, a drug that inhibits leukotriene formation by blocking the 5-lipoxygenase enzyme.

After 16 weeks of treatment, animals were administered maze tests to assess their working memory and their spatial learning memory. Compared with untreated animals, tau mice that had received zileuton performed significantly better on the tests. Their superior performance suggested a successful reversal of memory deficiency.

To determine why this happened, the researchers first analyzed leukotriene levels. They found that treated tau mice experienced a 90-percent reduction in leukotrienes compared with untreated mice. In addition, levels of phosphorylated and insoluble tau, the form of the protein that is known to directly damage synapses, were 50 percent lower in treated animals. Microscopic examination revealed vast differences in synaptic integrity between the groups of mice. Whereas untreated animals had severe synaptic deterioration, the synapses of treated tau animals were indistinguishable from those of ordinary mice without the disease.

""Inflammation was completely gone from tau mice treated with the drug,"" Dr. Praticò said. ""The therapy shut down inflammatory processes in the brain, allowing the tau damage to be reversed.""

The study is especially exciting because zileuton is already approved by the Food and Drug Administration for the treatment of asthma. ""Leukotrienes are in the lungs and the brain, but we now know that in addition to their functional role in asthma, they also have a functional role in dementia,"" Dr. Praticò explained.

""This is an old drug for a new disease,"" he added. ""The research could soon be translated to the clinic, to human patients with Alzheimer's disease.""

###

Other researchers contributing to the study include Phillip F. Giannopoulos and Jian Chiu at the Alzheimer's Center at Temple, LKSOM.

The research was funded in part by grants from The Wanda Simone Endowment for Neuroscience and the Scott Richards North Star Charitable Foundation.

About Temple Health

Temple University Health System (TUHS) is a $2.1 billion academic health system dedicated to providing access to quality patient care and supporting excellence in medical education and research. The Health System consists of Temple University Hospital (TUH), ranked among the ""Best Hospitals"" in the region by U.S. News & World Report; TUH-Episcopal Campus; TUH-Northeastern Campus; Fox Chase Cancer Center, an NCI-designated comprehensive cancer center; Jeanes Hospital, a community-based hospital offering medical, surgical and emergency services; Temple Transport Team, a ground and air-ambulance company; and Temple Physicians, Inc., a network of community-based specialty and primary-care physician practices. TUHS is affiliated with the Lewis Katz School of Medicine at Temple University, and Temple University Physicians, which is Temple Health's physician practice plan comprised of more than 500 full-time and part-time academic physicians in 20 clinical departments.

The Lewis Katz School of Medicine (LKSOM), established in 1901, is one of the nation's leading medical schools. Each year, the School of Medicine educates approximately 840 medical students and 140 graduate students. Based on its level of funding from the National Institutes of Health, the Katz School of Medicine is the second-highest ranked medical school in Philadelphia and the third-highest in the Commonwealth of Pennsylvania. According to U.S. News & World Report, LKSOM is among the top 10 most applied-to medical schools in the nation.

Temple Health refers to the health, education and research activities carried out by the affiliates of Temple University Health System (TUHS) and by the Katz School of Medicine. TUHS neither provides nor controls the provision of health care. All health care is provided by its member organizations or independent health care providers affiliated with TUHS member organizations. Each TUHS member organization is owned and operated pursuant to its governing documents.",full_article,false,false,gold,0,0,-100,2,a7a343bf55943cf7a2865105891bb20ab7ad8c77,en,6308
fakehealth,news_reviews_00066,Mangoes helped improve cardiovascular and gut health in women,"BOSTON (June 11, 2018) -- A new study conducted at the University of California, Davis found that two cups of mangos a day had beneficial effects on systolic blood pressure among healthy postmenopausal women. Mango consumption helped relax blood vessels in as little as two hours after intake. Additionally, some of the participants showed favorable changes in the production of breath methane, an indication of the potential influence on gut fermentation.

""This is the first study to demonstrate positive vascular effects of mango intake in humans,"" said lead researcher Robert Hackman, with the UC Davis Department of Nutrition. He presented the findings today at the American Society for Nutrition annual meeting, Nutrition 2018, in Boston. ""Our results build on previous animal and cell studies that point to the potential benefits of mangos to promote health.""

Mangos contain a mix of polyphenols, including mangiferin, quercetin, gallotannins, and gallic acid, that have been the focus of previous investigations exploring the potential health-protecting properties of mangos. Li and colleagues believe the concentration of these bioactive compounds in mangos may be responsible for the favorable response.

Methodology and Results

In the study, 24 healthy postmenopausal women consumed 330 grams (2 cups) of mango daily for 14 days. The honey mango (also referred to as Ataulfo) was chosen for the study due to the high concentration of polyphenols in this popular variety.

Following the 14 days of mango consumption, the study participants resumed their normal daily diet but eliminated mango intake for 13 days. Measurements were taken during each visit, including heart rate and blood pressure, blood samples and breath samples, which are increasingly used in nutrition studies to evaluate gut health status.

At the start of the study, blood pressure was not significantly different between the study visits. Yet once mango was consumed, systolic blood pressure was significantly lower two hours after mango intake compared to baseline values. Pulse pressure was also significantly reduced two hours after eating mango.

Systolic blood pressure (the upper number in blood pressure readings) indicates how much pressure your blood is exerting against your artery walls when the heart beats. Pulse pressure is the difference between systolic and diastolic (bottom number) in blood pressure readings. Pulse pressure can be used as an indicator of heart health.

Breath levels of hydrogen and methane were measured, which reflect the amount of these gases that were produced due to microbial fermentation in the intestinal tract. Some study participants produced hydrogen, some produced methane, and others produced both gases or neither of them. Six of the 24 participants produced methane, and of these six, three shown significant reduction after consuming mango, which is considered a favorable outcome for gut health.

The researchers conclude that mangos may be a heart-healthy fruit that may help play a role in reducing the risk of cardiovascular disease. Longer-term studies involving other population groups are warranted.

###

The research was supported in part by funds from the National Mango Board and USDA.

Source: Li X, Vanness MA, Holt RR, Horn WF, Keim NL, Keen CL, Hackman RM. Effects of two weeks of daily mango fruit intake on vascular function, blood pressure and gut fermentation in healthy adult women. The FASEB Journal, June 2018.",full_article,false,false,gold,0,0,-100,2,93daa5e46b5a20a1e2076bc860d201586a8b1e1f,en,3469
fakehealth,news_reviews_00067,Spironolactone may be an alternative to antibiotics in women's acne treatment,"PHILADELPHIA - In a finding that suggests the potential for practice change that would reduce the use of antibiotics in dermatology, researchers in the Perelman School of Medicine at the University of Pennsylvania have found the diuretic drug spironolactone may be just as effective as antibiotics for the treatment of women's acne. The study, published this month in the Journal of Drugs and Dermatology, found patients who were originally prescribed spironolactone changed to a different drug within one year at almost the same rate as those who were prescribed antibiotics. The prescription change is a proxy for ineffectiveness, since switching is often the result of treatment failure due to lack of efficacy, side effects, cost, or other factors.

Acne is one of the most common diseases in the world. It affects 85 percent of people under the age of 18, but it also regularly impacts adults. More than 50 percent of women in the United States are treated for acne between the ages of 20 and 29, while more than 35 percent are treated between the ages of 30 and 39.

Oral antibiotics are the most common systemic treatment for acne, and when combined with the large patient population, the result is that dermatologists prescribe the highest level of antibiotics per provider among all medical specialties, according to the Centers for Disease Control - a fact that contributes to concerns about increased resistance to antibiotics across all fields of medicine.

""It's clear that a safe alternative to oral antibiotics could have a huge benefit, and our data show spironolactone may be that alternative,"" said the study's lead author John S. Barbieri, MD, MBA, Dermatology chief resident at Penn. David J. Margolis, MD, PhD, a professor of Dermatology, was the study's senior author.

Spironolactone, marketed under the name aldactone, is currently approved to treat high blood pressure, heart failure, and conditions that cause people to retain fluid. It blocks the effects of male hormones like androgen, meaning it's not an option to treat acne in men. However, those same anti-hormonal effects can help prevent acne outbreaks in women. As a result, some dermatologists use it to treat female acne patients.

Researchers compared data on 6,684 women and girls taking spironolactone to 31,614 who were prescribed antibiotics. Within a year, 14.4 percent of spironolactone patients and 13.4 percent of antibiotic patients had switched to alternative treatments, suggesting each treatment was working at almost the same rate, despite the fact that tetracycline-class antibiotics are prescribed five times as frequently.

""These numbers suggest dermatologists should consider spironolactone first instead of antibiotics when it comes to women with acne,"" Barbieri said.

In addition to the benefits for antibiotic stewardship, Barbieri pointed to several studies showing long-term oral antibiotic use may be associated with antibiotic resistance, lupus, inflammatory bowel disease, and even colon and breast cancer.

""This indicates spironolactone may have a better safety profile than oral antibiotics, which is another factor that makes it such an appealing option,"" Barbieri said. He also noted spironolactone is less expensive, which may be relevant to patients with high deductibles or who are uninsured.

Spironolactone is not approved for the treatment of acne by the U.S. Food and Drug Administration despite expert opinion supporting its use, and Barbieri says the findings of this study should be confirmed by a randomized controlled trial that directly compares the two treatment options.

###

Penn Medicine is one of the world's leading academic medical centers, dedicated to the related missions of medical education, biomedical research, and excellence in patient care. Penn Medicine consists of the Raymond and Ruth Perelman School of Medicine at the University of Pennsylvania (founded in 1765 as the nation's first medical school) and the University of Pennsylvania Health System, which together form a $7.8 billion enterprise.

The Perelman School of Medicine has been ranked among the top medical schools in the United States for more than 20 years, according to U.S. News & World Report's survey of research-oriented medical schools. The School is consistently among the nation's top recipients of funding from the National Institutes of Health, with $405 million awarded in the 2017 fiscal year.

The University of Pennsylvania Health System's patient care facilities include: The Hospital of the University of Pennsylvania and Penn Presbyterian Medical Center -- which are recognized as one of the nation's top ""Honor Roll"" hospitals by U.S. News & World Report -- Chester County Hospital; Lancaster General Health; Penn Medicine Princeton Health; Penn Wissahickon Hospice; and Pennsylvania Hospital -- the nation's first hospital, founded in 1751. Additional affiliated inpatient care facilities and services throughout the Philadelphia region include Good Shepherd Penn Partners, a partnership between Good Shepherd Rehabilitation Network and Penn Medicine, and Princeton House Behavioral Health, a leading provider of highly skilled and compassionate behavioral healthcare.

Penn Medicine is committed to improving lives and health through a variety of community-based programs and activities. In fiscal year 2017, Penn Medicine provided more than $500 million to benefit our community.",full_article,false,false,gold,0,0,-100,2,ab94f918b93a4e8047108c71df79f6777554b7d2,en,5418
fakehealth,news_reviews_00068,Adding Atezolizumab Immunotherapy to Chemotherapy Slows Growth of Advanced Squamous Lung Cancer,"MEDIA CONTACT:

Ashley Yum

571-483-1376

ashley.yum@asco.org

PATIENT AND CAREGIVER INQUIRIES:

Contact Cancer.Net

ASCO Perspective

“This is one more example of how immunotherapy is making steady gains against a number of cancers. Immunotherapy has been shown to be effective in other types of lung cancer, and now we’re seeing encouraging improvements in advanced squamous lung cancer, which historically has been very difficult to treat,” said ASCO Expert David Graham, MD, FASCO.

CHICAGO – Initial findings from a randomized phase III clinical trial show that patients with advanced squamous non-small-cell lung cancer (NSCLC) benefit more from initial treatment with PD-L1 targeted immunotherapy atezolizumab (Tecentriq®) and chemotherapy than from chemotherapy alone -- 29% had a reduced risk of disease worsening or death compared with those who received chemotherapy alone. At 12 months, cancer had not worsened in twice as many patients who received atezolizumab plus chemotherapy compared to those who only received chemotherapy. This benefit was observed across all PD-L1 expressing sub-groups.

The findings will be featured in a press briefing today and presented at the 2018 American Society of Clinical Oncology (ASCO) Annual Meeting.

“Until now, there have been few treatment advances for squamous non-small-cell lung cancer. Our findings may provide a new potential treatment option for this type of cancer,” said lead study author Robert M. Jotte, MD, PhD, Medical Director and Co-Chair, USON Thoracic Committee, Rocky Mountain Cancer Centers in Denver, CO. “We used to think that chemotherapy just knocked down the patient’s immune system and that it would be irrational to combine it with immunotherapy, but growing research, including this study, shows that chemotherapy can help trigger the immune response to the tumor, helping the immunotherapy treatment work better.”

Squamous NSCLC, which accounts for 25-30% of NSCLCs, is very difficult to treat. Fewer than 15% of people with advanced squamous NSCLC survive a year after diagnosis, and less than 2% survive five years.

Recent studies have also found a benefit of combining immunotherapy with chemotherapy in non-squamous lung cancer. Given those findings, along with the results from this trial, a rapid change in clinical practice is expected, noted Dr. Jotte.

About the Study

The IMpower131 trial enrolled 1,021 patients with stage IV squamous NSCLC. Tumors were tested for PD-L1 expression, but patients were included in the trial regardless of tumor PD-L1 expression level. Patients with EGFR or ALK gene changes in the tumor received targeted treatments before starting therapy on this trial. The study participants were randomly assigned to one of three treatment groups. Outcomes for only two of the groups, however, are being reported in this presentation:

Atezolizumab plus chemotherapy (carboplatin and nab-paclitaxel), 343 patients

Chemotherapy (carboplatin and nab-paclitaxel), 340 patients

Outcome data for the third treatment group, which received atezolizumab with a slightly different chemotherapy regimen (carboplatin and paclitaxel), are not yet available.

Key Findings

In this study, 29% of all patients, regardless of PD-L1 expression, had a reduced risk of disease worsening or death, compared with those who received chemotherapy alone. Importantly, there was a doubling of progression-free survival (PFS) benefit with this combination: at 12 months, cancer had not worsened in 24.7% patients receiving immunotherapy and chemotherapy, compared to 12% of those receiving chemotherapy alone.

Improved progression-free survival was observed in all groups of patients who received immunotherapy and chemotherapy, including those with PD-L1-negative tumors and liver metastases. Overall survival data are not yet mature.

This is the first phase III trial of an immunotherapy-based combined modality treatment to show a significant improvement in progression-free survival in advanced squamous NSCLC, according to the authors. Although the difference between treatment groups is modest, a statistically significant improvement shows that, overall, people with advanced squamous lung cancer can benefit when immunotherapy is added to standard treatment, according to the authors.

Although the rate of severe side effects was higher with the combined modality treatment than with chemotherapy alone (68% vs. 57%), it had a manageable safety profile, consistent with known safety risks of the individual therapies. The most common side effects of atezolizumab included skin rash, colitis, and low thyroid hormone.

At this interim analysis a statistically significant overall survival (OS) benefit was not observed (median OS was 14 months for atezolizumab plus chemotherapy vs. 13.9 months for chemotherapy alone). Researchers are continuing to follow patients and anticipate a subsequent analysis later this year.

Next Steps

More research is needed to determine which patients benefit the most from the addition of immunotherapy to standard chemotherapy. The researchers will explore tumor PD-L1 expression and other molecular markers, such as tumor mutational burden (TMB), that may predict whether a patient will benefit from this treatment regimen.

This study received funding from F. Hoffmann-La Roche Ltd.

Study at a Glance

Disease Squamous NSCLC Trial Phase, Type Phase III, Randomized, Global (27 countries) Multicenter (317) Patients on Trial 1,021 all-comer (PD-L1 unselected), chemotherapy-naïve patients with stage IV squamous NSCLC Intervention Tested Atezolizumab plus chemotherapy vs. chemotherapy alone Primary Finding mPFS 6.3 months with atezolizumab plus chemotherapy vs. 5.6 months with chemotherapy alone Secondary Finding(s) 12-month PFS 24.7% with atezolizumab plus chemotherapy vs. 12% with chemotherapy alone

View the full abstract.

For your readers:

View the disclosures for the 2018 ASCO Annual Meeting News Planning Team.

ATTRIBUTION TO THE AMERICAN SOCIETY OF CLINICAL ONCOLOGY ANNUAL MEETING IS REQUESTED IN ALL COVERAGE.

###",full_article,mixed,mixed,gold,0,1,-100,2,1225f93d811462c7766c6ff4b1e5f3ffcdcf7317,en,6073
fakehealth,news_reviews_00069,"Promise of faster, more accessible schizophrenia diagnosis, Rutgers study shows","A portable device common in optometrists' offices may hold the key to faster diagnosis of schizophrenia, predicting relapse and symptom severity and assessing treatment effectiveness, a Rutgers University study finds.

In the study, published in the May 2018 issue of the Journal of Abnormal Psychology, researchers used RETeval, a hand-held device developed to record electrical activity from the retina, to replicate and extend prior studies showing that people with schizophrenia had abnormal electrical activity in the retina. This was the first time a portable device was used for these tests. The results show the device accurately indicated reduced electrical activity in the retina in multiple cell layers in the participants who had schizophrenia, including in cell types that had not been studied before in this disorder.

""Schizophrenia is a devastating disorder, probably the most disabling disorder long term. Although we know quite a bit about it, it's still not that well understood,"" said Steven Silverstein, professor of psychiatry at Rutgers Robert Wood Johnson Medical School and director of research at Rutgers University Behavioral Health Care (UBHC), who designed the study. ""Our study should help generate further research into developing a test that clinicians - like psychologists, psychiatrists or nurses - can use in their offices to diagnose, treat and monitor the condition of people with schizophrenia.""

Looking at biomarkers in the eye as a way to understand psychiatric disorders is a new field of study.

""Since the retina is part of the nervous system, what is happening in the retina is likely reflective of what is occurring in the brain,"" Silverstein said. ""For example, we know that certain changes in the retina, like thinning tissue [due to cell loss] or weakening electrical activity, occur alongside loss of brain tissue and reduced brain activity in patients with neurological disorders like multiple sclerosis and Parkinson's disease. We and other researchers are now investigating whether retinal changes are related to brain structure and function changes in schizophrenia.""

In the just-published study, the researchers evaluated 50 participants: 25 with schizophrenia and 25 with no diagnosed psychiatric disorder. In the test, the participants closed one eye and placed the other against the RETeval device, which flashed 10 to 20 white or colored lights of various intensity against a white or colored background. A tiny skin electrode was placed on the skin under the eye to record the retina's electrical activity. The participants were tested in normal light and after sitting in the dark for 10 minutes to assess activity in different types of retinal cells. Most individual tests were completed within two minutes.

""Since many of our participants were experiencing severe psychiatric symptoms, such as hallucinations and delusions, we wanted to use a test that was as noninvasive and quick as possible,"" Silverstein said.

""While the portable device clearly distinguished people with schizophrenia from those without a psychiatric diagnosis, it's too soon to call this a diagnostic tool,"" said lead author Docia Demmin, a graduate assistant in UBHC's Division of Schizophrenia Research and a doctoral student in Rutgers Department of Psychology. ""However, since every prior study has found that people with schizophrenia exhibit reduced retinal wave forms and slowed retinal responses, our research shows that we closing in on an accurate test that is faster, less invasive, inexpensive and more accessible to patients.""

###",full_article,false,false,gold,0,0,-100,2,6fddd4999d5a45502fbdd9863876ac3505107a29,en,3582
fakehealth,news_reviews_00070,New Real-World Study Finds Long-Term XARELTO® (rivaroxaban) Use Resulted in Fewer Strokes and Systemic Emboli Compared to Warfarin in Frail Patients with Non-Valvular Atrial Fibrillation,"TITUSVILLE, N.J., May 24, 2018 /PRNewswire/ -- The Janssen Pharmaceutical Companies of Johnson & Johnson today announced new real-world data that showed frail patients with non-valvular atrial fibrillation (NVAF) experienced significantly fewer strokes and systemic emboli when treated with XARELTO® (rivaroxaban) over a two-year period compared to those taking warfarin. Specifically, long-term XARELTO® use reduced the risk of stroke and systemic embolism by 32 percent and ischemic stroke alone by 31 percent compared to warfarin, with no significant increase in major bleeding. Results from the study, which also assessed the efficacy and safety of apixaban and dabigatran each versus warfarin, were recently published in the Journal of the American Heart Association.

Click to Tweet: New two-year real-world data show Janssen blood thinner significantly reduced stroke in frail NVAF patients #JAHA #RWE #AFib https://ctt.ac/z3t2a+

Affecting nearly six million Americans, NVAF increases a person's risk of stroke by five times and accounts for 15 to 20 percent of all strokes.i,ii Frailty is a common clinical syndrome mainly seen in older adults that makes it harder for them to recover from stressful cardiovascular events and vulnerable for poorer health outcomes. People with NVAF are four times more likely to be classified as frail than people without NVAF,iii and research has shown frail people with NVAF are less likely to receive anticoagulation than non-frail people.iv,v,vi

""There is not widespread consensus on the best way to manage frail patients with NVAF in clinical practice, which is why some patients are not treated at all and remain at high risk of having a stroke,"" said Craig Coleman, PharmD, Professor of Pharmacy Practice, University of Connecticut. ""These results show long-term rivaroxaban use reduced stroke and systemic embolism in a vulnerable patient group, without increasing the risk of major bleeding. They also give physicians important insights into a well-tolerated, effective approach to treat their frail patients with NVAF.""

In the study, researchers used U.S. Truven MarketScan claims data and identified frail patients with NVAF taking XARELTO®, apixaban, or dabigatran. Each treatment group was matched separately with warfarin users in a 1:1 ratio and followed for up to two years or until an event, insurance disenrollment or end of follow-up occurred. The primary efficacy outcome was stroke (ischemic or hemorrhagic) or systemic embolism. Major bleeding was the primary safety outcome.

Researchers made the following two-year observations:

XARELTO ® was associated with a 32 percent reduction in stroke or systemic embolism (HR=0.68; 95% CI=0.49-0.95) and 31 percent reduction in ischemic stroke alone (HR=0.69; 95% CI=0.48-0.99) compared to warfarin.

was associated with a 32 percent reduction in stroke or systemic embolism (HR=0.68; 95% CI=0.49-0.95) and 31 percent reduction in ischemic stroke alone (HR=0.69; 95% CI=0.48-0.99) compared to warfarin. XARELTO ® had similar rates of major bleeding compared to warfarin (HR=1.07; 95% CI=0.81-1.32).

had similar rates of major bleeding compared to warfarin (HR=1.07; 95% CI=0.81-1.32). Though both apixaban and dabigatran treatment were associated with numerically fewer strokes, neither statistically significantly reduced the risk of stroke or systemic embolism at two years compared to warfarin (HR=0.78; 95% CI=0.46-1.35 and HR=0.94; 95% CI=0.60-1.45).

Rates of major bleeding were also evaluated for apixaban versus warfarin (HR=0.72; 95% CI=0.49-1.06) and dabigatran versus warfarin (HR=0.87; 95% CI=0.63-1.19).

""This study adds to the growing body of evidence supporting the positive efficacy and safety profile of XARELTO® across a broad spectrum of patients with NVAF, which now includes the frail population,"" said Paul Burton, MD, PhD, FACC, Vice President, Medical Affairs, Janssen Pharmaceuticals, Inc. Real-world data like this study are critical to informing and helping physicians best treat their patients' cardiovascular diseases.""



About the Frailty Study

A total of 19,077 patients were identified using claims data from U.S. MarketScan databases from November 2011 to December 2016. These patients were new users of anticoagulant therapy with XARELTO®, apixaban, dabigatran, or warfarin, who had not been previously treated with an anticoagulant. They also had at least 12 months of continuous insurance coverage, and were considered frail. Frailty was determined using the Johns Hopkins Claims-based Frailty Indicator scoring algorithm, which weighs 21 criteria identifiable in claims data, including demographics, comorbidities, and physical and cognitive dysfunction.

Each eligible XARELTO®, apixaban, and dabigatran user was propensity score matched to a warfarin user in a 1:1 ratio, which helped minimize the presence of baseline differences between cohorts. A total of 10,754 patients were included in the retrospective study, with 2,635 taking XARELTO®, 1,392 apixaban, 1,350 dabigatran, and 5,377 warfarin. This study was supported by Bayer AG, Berlin, Germany.

Real-world data have the potential to supplement randomized controlled trial data by providing additional information about how a medicine performs in routine medical practice; however, they have limitations and cannot be used as stand-alone evidence to validate the efficacy and/or safety of a treatment.



Additionally, it is possible some of the analyses within this specific study may not have been sufficiently powered based on smaller sample sizes.

About Real-World XARELTO® Research

XARELTO® is the most-studied oral Factor Xa inhibitor in the world today. More than 200,000 people have been evaluated in published real-world research since the approval of XARELTO® across all approved indications in the U.S. Post-marketing studies and registries continue to confirm the safety and efficacy of XARELTO® in routine clinical use across a broad spectrum of patients. There have been no head-to-head randomized trials directly comparing non-vitamin K antagonist oral anticoagulants.

One recent study, REVISIT-US, found XARELTO® is providing an appropriate balance of benefit and risk with respect to ischemic stroke and found a significant reduction in intracranial hemorrhage in routine clinical practice. These are two of the most serious types of events physicians work the hardest with their patients to avoid, given their potential for irreversible harm.

WHAT IS XARELTO®?

XARELTO® (rivaroxaban) is a prescription medicine used to reduce the risk of stroke and blood clots in people with atrial fibrillation not caused by a heart valve problem. For patients currently well managed on warfarin, there is limited information on how XARELTO® and warfarin compare in reducing the risk of stroke.

XARELTO® is also a prescription medicine used to treat deep vein thrombosis (DVT) and pulmonary embolism (PE), and to reduce the risk of blood clots happening again in people who continue to be at risk for DVT or PE after receiving treatment for blood clots for at least 6 months.

XARELTO® is also a prescription medicine used to reduce the risk of forming a blood clot in the legs and lungs of people who have just had knee or hip replacement surgery.

IMPORTANT SAFETY INFORMATION

What is the most important information I should know about XARELTO® (rivaroxaban)?

For people taking XARELTO® for atrial fibrillation:

People with atrial fibrillation (an irregular heart beat) are at an increased risk of forming a blood clot in the heart, which can travel to the brain, causing a stroke, or to other parts of the body. XARELTO® lowers your chance of having a stroke by helping to prevent clots from forming. If you stop taking XARELTO®, you may have increased risk of forming a clot in your blood.

Do not stop taking XARELTO® without talking to the doctor who prescribes it for you. Stopping XARELTO® increases your risk of having a stroke.

If you have to stop taking XARELTO®, your doctor may prescribe another blood thinner medicine to prevent a blood clot from forming.

XARELTO® can cause bleeding, which can be serious, and rarely may lead to death. This is because XARELTO® is a blood thinner medicine (anticoagulant) that reduces blood clotting. While you take XARELTO® you are likely to bruise more easily, and it may take longer for bleeding to stop.

You may have a higher risk of bleeding if you take XARELTO® and take other medicines that increase your risk of bleeding, including:

Aspirin or aspirin-containing products



Non-steroidal anti-inflammatory drugs (NSAIDs)



Warfarin sodium (Coumadin ® , Jantoven ® )

, Jantoven )

Any medicine that contains heparin



Clopidogrel (Plavix ® )

)

Selective serotonin reuptake inhibitors (SSRIs) or serotonin norepinephrine reuptake inhibitors (SNRIs)



Other medicines to prevent or treat blood clots

Tell your doctor if you take any of these medicines. Ask your doctor or pharmacist if you are not sure if your medicine is one listed above.

Call your doctor or get medical help right away if you develop any of these signs or symptoms of bleeding:

Unexpected bleeding or bleeding that lasts a long time, such as:

Nosebleeds that happen often



Unusual bleeding from gums



Menstrual bleeding that is heavier than normal, or vaginal bleeding

Bleeding that is severe or you cannot control

Red, pink, or brown urine

Bright red or black stools (looks like tar)

Cough up blood or blood clots

Vomit blood or your vomit looks like ""coffee grounds""

Headaches, feeling dizzy or weak

Pain, swelling, or new drainage at wound sites

Spinal or epidural blood clots (hematoma): People who take a blood thinner medicine like XARELTO ® , and have medicine injected into their spinal and epidural area, or have a spinal puncture, have a risk of forming a blood clot that can cause long-term or permanent loss of the ability to move (paralysis). Your risk of developing a spinal or epidural blood clot is higher if:

People who take a blood thinner medicine like XARELTO , and have medicine injected into their spinal and epidural area, or have a spinal puncture, have a risk of forming a blood clot that can cause long-term or permanent loss of the ability to move (paralysis). Your risk of developing a spinal or epidural blood clot is higher if: A thin tube called an epidural catheter is placed in your back to give you certain medicine



You take NSAIDs or a medicine to prevent blood from clotting



You have a history of difficult or repeated epidural or spinal punctures



You have a history of problems with your spine or have had surgery on your spine

If you take XARELTO® and receive spinal anesthesia or have a spinal puncture, your doctor should watch you closely for symptoms of spinal or epidural blood clots. Tell your doctor right away if you have back pain, tingling, numbness, muscle weakness (especially in your legs and feet), or loss of control of the bowels or bladder (incontinence).

XARELTO® is not for people with artificial heart valves.

Do not take XARELTO® if you:

Currently have certain types of abnormal bleeding. Talk to your doctor before taking XARELTO ® if you currently have unusual bleeding.

if you currently have unusual bleeding. Are allergic to rivaroxaban or any of the ingredients of XARELTO®.

Before taking XARELTO®, tell your doctor about all your medical conditions, including if you:

Have ever had bleeding problems

Have liver or kidney problems

Are pregnant or plan to become pregnant. It is not known if XARELTO ® will harm your unborn baby.

will harm your unborn baby. Tell your doctor right away if you become pregnant during treatment with XARELTO ® . Taking XARELTO ® while you are pregnant may increase the risk of bleeding in you or in your unborn baby.

. Taking XARELTO while you are pregnant may increase the risk of bleeding in you or in your unborn baby.

If you take XARELTO ® during pregnancy, tell your doctor right away if you have any signs or symptoms of bleeding or blood loss. See ""What is the most important information I should know about XARELTO ® ?"" for signs and symptoms of bleeding.

during pregnancy, tell your doctor right away if you have any signs or symptoms of bleeding or blood loss. Are breastfeeding or plan to breastfeed. XARELTO® may pass into your breast milk. You and your doctor should decide if you will take XARELTO® or breastfeed.

Tell all of your doctors and dentists that you are taking XARELTO®. They should talk to the doctor who prescribed XARELTO® for you before you have any surgery, medical or dental procedure.

Tell your doctor about all the medicines you take, including prescription and over-the-counter medicines, vitamins, and herbal supplements. Some of your other medicines may affect the way XARELTO® works. Certain medicines may increase your risk of bleeding. See ""What is the most important information I should know about XARELTO®?""

How should I take XARELTO®?

Take XARELTO ® exactly as prescribed by your doctor.

exactly as prescribed by your doctor. Do not change your dose or stop taking XARELTO ® unless your doctor tells you to.

unless your doctor tells you to. Your doctor may change your dose if needed.

If you take XARELTO ® for:

for: Atrial Fibrillation:



Take XARELTO ® 1 time a day with your evening meal.





If you miss a dose of XARELTO ® , take it as soon as you remember on the same day. Take your next dose at your regularly scheduled time.

, take it as soon as you remember on the same day. Take your next dose at your regularly scheduled time.

Blood clots in the veins of your legs or lungs:



Take XARELTO ® 1 or 2 times a day as prescribed by your doctor.

as prescribed by your doctor.



For the 15-mg and 20-mg doses , XARELTO ® should be taken with food.

, XARELTO



For the 10-mg dose , XARELTO ® may be taken with or without food.

, XARELTO



Take your XARELTO ® dose(s) at the same time each day.

dose(s) at the same time each day.



If you miss a dose:





If you take the 15-mg dose of XARELTO ® 2 times a day (a total of 30 mg of XARELTO ® in 1 day): Take XARELTO ® as soon as you remember on the same day. You may take 2 doses at the same time to make up for the missed dose. Take your next dose at your regularly scheduled time.

Take XARELTO as soon as you remember on the same day. You may take 2 doses at the same time to make up for the missed dose. Take your next dose at your regularly scheduled time.





If you take XARELTO ® 1 time a day: Take XARELTO ® as soon as you remember on the same day. Take your next dose at your regularly scheduled time.

Take XARELTO as soon as you remember on the same day. Take your next dose at your regularly scheduled time.

Hip or knee replacement surgery:



Take XARELTO ® 1 time a day with or without food.

1 time a day with or without food.



If you miss a dose of XARELTO ® , take it as soon as you remember on the same day. Take your next dose at your regularly scheduled time.

, take it as soon as you remember on the same day. Take your next dose at your regularly scheduled time. If you have difficulty swallowing the XARELTO ® tablet whole, talk to your doctor about other ways to take XARELTO ® .

tablet whole, talk to your doctor about other ways to take XARELTO . Your doctor will decide how long you should take XARELTO ® .

. Your doctor may stop XARELTO ® for a short time before any surgery, medical or dental procedure.

for a short time before any surgery, medical or dental procedure. Your doctor will tell you when to start taking XARELTO ® again after your surgery or procedure.

again after your surgery or procedure. Do not run out of XARELTO ® . Refill your prescription for XARELTO ® before you run out. When leaving the hospital following a hip or knee replacement, be sure that you have XARELTO ® available to avoid missing any doses.

. Refill your prescription for XARELTO before you run out. When leaving the hospital following a hip or knee replacement, be sure that you have XARELTO available to avoid missing any doses. If you take too much XARELTO®, go to the nearest hospital emergency room or call your doctor right away.

WHAT ARE THE POSSIBLE SIDE EFFECTS OF XARELTO®?

See ""What is the most important information I should know about XARELTO®?""

Call your doctor for medical advice about side effects. You are also encouraged to report side effects to the FDA: visit http://www.fda.gov/medwatch or call 1-800-FDA-1088. You may also report side effects to Janssen Pharmaceuticals, Inc., at 1-800-JANSSEN (1-800-526-7736).

Please click here for full Prescribing Information, including Boxed Warnings, and Medication Guide.

Trademarks are those of their respective owners.

Janssen and Bayer together are developing rivaroxaban.

For more information about XARELTO®, visit www.xarelto.com.

About the Janssen Pharmaceutical Companies

At the Janssen Pharmaceutical Companies of Johnson & Johnson, we are working to create a world without disease. Transforming lives by finding new and better ways to prevent, intercept, treat and cure disease inspires us. We bring together the best minds and pursue the most promising science.

We are Janssen. We collaborate with the world for the health of everyone in it. Learn more at www.janssen.com. Follow us on Twitter at @JanssenUS. Janssen Pharmaceuticals, Inc. is part of the Janssen Pharmaceutical Companies of Johnson & Johnson.

Cautions Concerning Forward-Looking Statements



This press release contains ""forward-looking statements,"" as defined in the Private Securities Litigation Reform Act of 1995, regarding product development and the presentation of new data and analyses regarding XARELTO® (rivaroxaban). The reader is cautioned not to rely on these forward-looking statements. These statements are based on current expectations of future events. If underlying assumptions prove inaccurate or known or unknown risks or uncertainties materialize, actual results could vary materially from the expectations and projections of any of the Janssen Pharmaceutical Companies and/or Johnson & Johnson. Risks and uncertainties include, but are not limited to: challenges and uncertainties inherent in product research and development, including the uncertainty of clinical success and of obtaining regulatory approvals; uncertainty of commercial success; manufacturing difficulties and delays; competition, including technological advances, new products and patents attained by competitors; challenges to patents; product efficacy or safety concerns resulting in product recalls or regulatory action; changes in behavior and spending patterns of purchasers of health care products and services; changes to applicable laws and regulations, including global health care reforms; and trends toward health care cost containment. A further list and descriptions of these risks, uncertainties and other factors can be found in Johnson & Johnson's Annual Report on Form 10-K for the fiscal year ended December 31, 2017, including in the sections captioned ""Item 1A. Risk Factors"" and ""Cautionary Note Regarding Forward-Looking Statements,"" and the company's subsequent filings with the Securities and Exchange Commission. Copies of these filings are available online at www.sec.gov, www.jnj.com or on request from Johnson & Johnson. Neither the Janssen Pharmaceutical Companies nor Johnson & Johnson undertakes to update any forward-looking statement as a result of new information or future events or developments.

i Colilla S et al. Estimates of Current and Future Incidence and Prevalence of Atrial Fibrillation in the U.S. Adult Population. Am J Cardiol 2013;112(8):1142-1147.

ii American Heart Association (2014, April 16). Prevention Strategies for Atrial Fibrillation. Retrieved from: http://www.heart.org/HEARTORG/Conditions/Arrhythmia/AboutArrhythmia/Prevention-Strategies-for-Atrial-Fibrillation-AFib-or-AF_UCM_423784_Article.jsp#.VvRBcuIrKUk

iii Coleman CI, Bunz TJ, Eriksson D, Meinecke AK and Sood NA. Effectiveness and safety of rivaroxaban vs warfarin in people with non-valvular atrial fibrillation and diabetes: an administrative claims database analysis. 2018 April; doi: 10.1111/dme.13648https://onlinelibrary.wiley.com/doi/epdf/10.1111/dme.13648.

iv Perera V, Bajorek BV, Matthews S, Hilmer SN. The impact of frailty on the utilisation of antithrombotic therapy in older patients with atrial fibrillation. Age Ageing 2009;38:156–162.

v Induruwa I, Evans NR, Aziz A, Reddy S, Khadjooi K, Romero-Ortuno R. Clinical frailty is independently associated with non-prescription of anticoagulants in older patients with atrial fibrillation. Geriatr Gerontol Int 2017;17:2178–2183.

vi Lefebvre MC, St-Onge M, Glazer-Cavanagh M, Bell L, Kha Nguyen JN, Viet-Quoc Nguyen P, Tannenbaum C. The effect of bleeding risk and frailty status on anticoagulation patterns in octogenarians with atrial fibrillation: the FRAIL-AF study. Can J Cardiol 2016;32:169–176.

Media contact:

Sarah Freeman

Mobile: (215) 510-4758

sfreem21@its.jnj.com

Investor contacts:

Johnson & Johnson

Joseph J. Wolk

Office: (732) 524-1142

Lesley Fishman

Office: (732) 524-3922

SOURCE Janssen Pharmaceutical Companies of Johnson & Johnson

Related Links

http://www.janssen.com

",full_article,false,false,gold,0,0,-100,2,67f5c28a0da86905941e7b61d5d68f4557c1e3ac,en,21261
fakehealth,news_reviews_00071,Procedure plus medication is better than standard treatment for heart disease patients,"TORONTO, May 22, 2018 - A non-surgical procedure, called percutaneous coronary intervention (PCI), along with prescribed medication, is better than medication alone as initial treatment for people who have the most common form of heart disease, suggests an analysis of an international clinical trial co-led by St. Michael's Hospital.

Published today in the New England Journal of Medicine and simultaneously presented at EuroPCR 2018 in Paris, France, the five-year analysis of the FAME 2 trial shows that initial PCI along with medication was associated with a significant reduction in urgent hospital admissions and revascularizations to restore blood flow in the blood vessels of the heart and a likely reduction in heart attacks as compared to medication as the only treatment. The medication used in the FAME 2 trial consisted of a combination of aspirin, cholesterol-lowering and blood pressure-lowering drugs as required by current treatment guidelines.

PCI is a minimally-invasive procedure where modern stents - small tubular metal scaffolds coated with medication - are inserted into an artery using a small catheter to widen a narrowed blood vessel in the heart. PCI is commonly used to treat sudden blockages of a coronary artery that cause a heart attack. In situations where the heart's arteries narrow less suddenly and do not cause a heart attack but induce chest pain during exercise - a condition known as stable coronary artery disease - it has remained unclear whether PCI in addition to medication was better than medication alone in preventing future heart attacks.

""Currently, the standard practice in North America is to prescribe medication to patients with stable coronary artery disease and avoid PCI,"" said Dr. Peter Jüni, Director of the Applied Health Research Centre (AHRC) at the Li Ka Shing Knowledge Institute of St. Michael's Hospital, who is a senior author on the study. ""Our results pose the question: Would a large portion of patients benefit from early PCI in addition to medication?""

""We used pressure measurements inside the heart arteries to find coronary arteries that should be widened,"" said Dr. Bernard De Bruyne, an interventional cardiologist at the Cardiovascular Center Aalst in Belgium and the Principal Investigator of the trial. ""With these measurements we were able to identify patients who would benefit from PCI in addition to medication.""

The World Health Organization reports that every year, 17.7 million people die from cardiovascular diseases, which is an estimated 31 per cent of all deaths worldwide. Coronary artery disease is the most common type of heart disease in North America and Europe, and is a serious health problem worldwide. It occurs when the coronary arteries become narrow and hardened due to the build-up of cholesterol rich plaques in the blood vessels. While the FAME 2 trial showed that PCI reduced urgent hospital admissions and revascularizations and likely reduced heart attacks, it did not provide evidence for a difference between PCI and medication alone in the prevention of deaths.

The trial was initially sponsored by St. Jude Medical, a global medical device company, until the three-year follow-up. The subsequent two years of follow-up have been academically driven, organized the by the academic steering committee of the study. Nineteen sites across Europe and North America participated in the five-year follow-up.

""Our trial over its entire follow-up shows us that the longer you observe these patients, the more pronounced the benefits of the initial PCI become,"" said Dr. Jüni, who is also a Canada Research Chair and a Professor of Medicine at the University of Toronto.

While Drs. Jüni and De Bruyne agree there is more research to be done using modern PCI technology, this five-year follow-up offers evidence that PCI has the potential to provide long-term benefits to patients with stable coronary artery disease.

###

The FAME 2 trial was supported by St. Jude Medical. The present analysis was not supported by industry funding.

About St. Michael's Hospital

St. Michael's Hospital provides compassionate care to all who enter its doors. The hospital also provides outstanding medical education to future health care professionals in more than 29 academic disciplines. Critical care and trauma, heart disease, neurosurgery, diabetes, cancer care, care of the homeless and global health are among the Hospital's recognized areas of expertise. Through the Keenan Research Centre and the Li Ka Shing International Healthcare Education Centre, which make up the Li Ka Shing Knowledge Institute, research and education at St. Michael's Hospital are recognized and make an impact around the world. Founded in 1892, the hospital is fully affiliated with the University of Toronto.

Media contact",full_article,mixed,mixed,gold,0,1,-100,2,ac6a847c659c1efcfe200aacc34793e0777c7dfc,en,4807
fakehealth,news_reviews_00072,Mice regrow brain tissue after stroke with bioengineered gel,"In a first-of-its-kind finding, a new stroke-healing gel helped regrow neurons and blood vessels in mice with stroke-damaged brains, UCLA researchers report in the May 21 issue of Nature Materials.

""We tested this in laboratory mice to determine if it would repair the brain in a model of stroke, and lead to recovery,"" said Dr. S. Thomas Carmichael, Professor and Chair of neurology at UCLA. ""This study indicated that new brain tissue can be regenerated in what was previously just an inactive brain scar after stroke.""

The results suggest that such an approach may someday be a new therapy for stroke in people, said Dr. Tatiana Segura, a former Professor of Chemical and Biomolecular Engineering at UCLA who is now a professor at Duke University. Carmichael and Segura collaborated on the study.

The brain has a limited capacity for recovery after stroke and other diseases. Unlike some other organs in the body, such as the liver or skin, the brain does not regenerate new connections, blood vessels or new tissue structures. Tissue that dies in the brain from stroke is absorbed, leaving a cavity, devoid of blood vessels, neurons or axons, the thin nerve fibers that project from neurons.

To see if healthy tissue surrounding the cavity could be coaxed into healing the stroke injury, Segura engineered a gel to inject into the stroke cavity that thickens to mimic the properties of brain tissue, creating a scaffolding for new growth.

The gel is infused with molecules that stimulate blood vessel growth and suppress inflammation, since inflammation results in scars and impedes regrowth of functional tissue.

After 16 weeks, stroke cavities in mice contained regenerated brain tissue, including new neural networks - a result that had not been seen before. The mice with new neurons showed improved motor behavior, though the exact mechanism wasn't clear.

""The new axons could actually be working,"" said Segura. ""Or the new tissue could be improving the performance of the surrounding, unharmed brain tissue.""

The gel was eventually absorbed by the body, leaving behind only new tissue.

This research was designed to explore recovery in acute stroke, or the period immediately following stroke - in mice, that is five days; in humans, that is two months. Next, Carmichael and Segura are determining if brain tissue can be regenerated in mice long after the stroke injury. More than 6 million Americans are living with the long-term outcomes of stroke, known as chronic stroke.

###

In addition to Carmichael and Segura, other authors of the paper are Lina Nih and Shiva Gojgini, both of UCLA.

The study was supported by funds from the National Institutes of Health.

CONTACT:

Leigh Hopper, Senior Public Information Officer

lhopper@mednet.ucla.edu

310-308-0405",full_article,mixed,mixed,gold,0,1,-100,2,0d341bbaa1f0193bd09be2cbdd078416f2bf5986,en,2783
fakehealth,news_reviews_00073,UTA researcher patents “roach motel” for cancer,"The University of Texas at Arlington has successfully patented in Europe an implantable medical device that attracts and kills circulating cancer cells that was invented by a faculty member. This cancer trap can be used for early diagnosis and treatment of metastasized cancer.

“Our cancer trap works just like a roach motel, where you put in some bait and the roach goes there and dies,” said Liping Tang, UTA bioengineering professor and leader of the research. “We are putting biological agents in a cancer trap to attract and kill cancer cells.

“This method is effective for both diagnosing and treating metastasis cancer and can be used in combination with traditional chemotherapy and radiation therapy,” he added.

Currently, there are many treatments for primary tumors but they do little to prevent metastasis and stray cancer cells from relocating to another part of the body. Surgical removal of cancerous tissue also can spur the spread of cancer in the body. While there are drugs given to patients after surgery to prevent cancer cells from adhering to each other or other tissues, these drugs do not rid the body of cancer cells or collect them to allow an assessment of the patient’s status.

“We have made a nano-sized device that we can put under the skin using an injection needle to recruit the cancer cells into a small area where we can treat them with less overall side effects to the whole body,” Tang said.

“So the cancer trap is really complementary to current cancer treatments and especially beneficial at the early stages when it is difficult to see if the cancer is spreading as there are few cancer cells. We have also found it very effective in late stage cancers to stop the spread of the disease and to prolong lifespan,” he added.

Liping Tang, UTA bioengineering professor and inventor of the cancer trap

The cancer trap works by releasing different chemokines or regulatory proteins to attract circulating cancer cells and then expose them to chemotherapeutic agents to eradicate potential spreading. The trap has been tested in the lab and proved effective on many kinds of cancer cells, including melanoma, prostate cancer, breast cancer, lung cancer, leukemia and esophageal cancer.

“We are hoping to move toward clinical trials in the next few years as this technology could potentially significantly increase the lifespan of cancer patients,” Tang said.

This work on cancer forms part of a larger program at UTA where more than 30 faculty from different colleges and disciplines are developing new solutions to attack this disease.

With more than $4 million in research expenditures in 2017, UTA’s program for cancer encompasses basic cancer research, identification and diagnostics, as well as in noninvasive, midterm, invasive and postoperative therapies. UTA’s multidisciplinary research teams harness proficiencies from across science, engineering, computer science, nursing and kinesiology to tackle the challenges of precision oncology and cancer treatment.

Tang’s expertise encompasses a broad area, including stem cells, tissue engineering, nanotechnology, biocompatibility, biomaterials, inflammation, infection and fibrosis. He has published much of his work in high impact journals, including Biomaterials, Journal of Clinical Investigation, Proceedings of the National Academy of Sciences, Blood, Journal of Experimental Medicine, and Tissue Engineering.

“Tang is a remarkable innovator and internationally recognized researcher,” said Michael Cho, UTA’s chair of bioengineering. “His work is a clear example of UTA’s strategic focus on health and the human condition and of the strength of multidisciplinary work.”",full_article,false,false,gold,0,0,-100,2,f2f4e7de1411607cf0ad1e8b1416a2941d170d7d,en,3678
fakehealth,news_reviews_00074,UAB Recruiting for Clinical Trial to Determine Therapies for Eradication of Multiple Myeloma,"Newswise — Multiple myeloma is the second most common type of blood cancer in the United States, impacting more than 25,000 people each year and disproportionatly affecting African-American men. While patients have access to more quality treatment therapies than ever before, the disease is still regarded as an incurable condition that often leads to death for those affected.

However, researchers at the University of Alabama at Birmingham Division of Hematology and Oncology are leading and currently recruiting for a Phase II clinical trial that intends to provide newly diagonosed multiple myeloma patients an innovative treatment plan. The hope is that the therapies will eradicate the disease in a significant proportion of patients and measure disease response more accurately than ever before.

The clinical trial Monoclonal Antibody Sequential Therapy for Deep Remission in Multiple Myeloma, also known as MASTER, utilizes next generation sequencing technology to detect minimal residual disease down to a level of one cancer cell in 100,000 — or 100- to 1,000-fold more sensitive than traditional methods to evaluate response. With a goal of enrolling 82 patients, those in the trial will be treated with a combination of anti-myeloma agents and immunotherapy that have a proven record of eliminating minimal residual disease, including the drug carfilzomib and the monoclonal antibody daratumumab, agents that are currently only approved to treat patients whose disease has returned.

“I believe for the first time that we have treatments that are effective enough to make it possible to eradicate multiple myeloma definitively in a substantial proportion of patients, along with having the technology to detect that the disease has been targeted and that treatment can be stopped,” said Luciano Costa, M.D., Ph.D., scientist at the UAB Comprehensive Cancer Center, lead of the Hematologic-Malignancy Working Group, and principal investigator of the MASTER study. “That is what patients want, after all — a treatment that gives them the possibility of eliminating any trace of the myeloma without having to be on therapy for the rest of their lives. It is a bold move, but bold moves are what our patients deserve.""

Multiple myeloma is the second most common type of blood cancer in the U.S., impacting more than 25,000 people each year and disproportionatly affecting African-American men.

This is one of the first trials in multiple myeloma to use minimal residual disease as primary endpoint and the very first one to modify therapy based on achievement of minimal residual disease eradication.

Up until now, existing therapies have been developed on trials that assigned treatment for a defined duration of time, irrespective of depth or speed of response, often followed by maintenance therapy for indefinite duration and with potentially adverse impact on risk of complications and cost. As it stands, patients with billions of cancer cells in their bodies and patients with true disease eradication will both appear to be in complete remission using current methods to measure disease response to therapy.

More than improving the results of the initial treatment, the MASTER study will treat patients for the necessary time to confirm elimination of minimal residual disease and then discontinue therapy. Patients will be monitored for relapse at the molecular level, before disease becomes again symptomatic.

In addition to UAB’s study leadership, Vanderbilt University Medical Center, Duke University, Medical College of Wisconsin, University of Wisconsin, and Oregon Health and Science University are recruiting for the trial as well.

The MASTER trial is supported by Amgen and Janseen, both with drug and finaincial support.",full_article,false,false,gold,0,0,-100,2,28bf854b40056619b42fe3e62b53ecc6bc0f1125,en,3754
fakehealth,news_reviews_00075,Rush is First to Use Microburst Vagus Nerve Stimulation for Drug-Resistant Epilepsy,"Epilepsy patients who have not responded to standard drug treatments may benefit from a new therapy that delivers high frequency bursts of electrical stimulation, called microbursts, to the brain. Rush University Medical Center in Chicago is the first health care provider in the world to provide this treatment, known as microburst vagus nerve stimulation.

The treatment is akin to a heart pacemaker. A surgeon places an electronic pulse generator under the skin in the chest and attaches it to the left vagus nerve, which runs down the side of the body from the stem of the brain through the neck and chest to the abdomen.

The device sends regular electrical pulses through the vagus nerve to the brain to prevent epileptic seizures from occurring. The stimulator’s settings can be changed according to each patient’s needs using a special programming wand, with no additional surgery needed.

Dr. Rebecca O’Dwyer, assistant professor of neurology at Rush, is participating in a nationwide clinical study of the initial safety and effectiveness of microburst vagus nerve stimulation in patients who have drug-resistant epilepsy. She enrolled the first patient in the entire study on February 28.

“At the Rush Epilepsy Center, we regularly collaborate with members of the neurosurgery and neuroradiology department in our research endeavors. We look forward to the results of this study and hope we can bring relief to more people with epilepsy,” O’Dwyer said.

Rush was the first hospital in Chicago to offer epilepsy patients the original vagal nerve stimulator, which uses mild pulses of electricity, after the U.S. Food and Drug Administration approved it in 1997 as an adjunctive treatment for drug-resistant epilepsy. “We are now exploring how higher frequency bursts delivered to the vagus nerve will affect epilepsy that does not respond to traditional therapies,” said O’Dwyer.

The study consists of two groups of patients with epilepsy, enrolling up to 40 patients in total at approximately 15 sites in the United States. The first group will include 20 patients with primary generalized tonic-clonic seizures. The second group will consist of 20 patients with partial onset seizures, including complex partial seizures with or without secondary generalization.

Each patient will participate in the study for a minimum of 15 months. The study will measure the percent change in seizure frequency and occurrence of stimulation-related adverse events in comparison to a patient’s baseline. Activation of various areas of the brain in response to stimulation will be assessed using functional magnetic resonance imaging or fMRI. Patients also will be evaluated to assess changes from baseline in seizure severity, quality of life, antiepileptic drug use, suicidality and adverse events.

To be considered for enrollment in the study or for information, contact The Rush Epilepsy Center at 312-942 5939.",full_article,false,false,gold,0,0,-100,2,0b14de39b876b928f687dd8da946b7d805946dc2,en,2915
fakehealth,news_reviews_00076,"For women with history of pregnancy loss, walking may aid chance of becoming pregnant","Results of a recent study to better understand modifiable factors such as physical activity that may affect a woman's ability to conceive a child suggest that walking may help women to improve their chances of becoming pregnant.

AMHERST, Mass. - Results of a recent study to better understand modifiable factors such as physical activity that may affect a woman's ability to conceive a child suggest that walking may help women to improve their chances of becoming pregnant.

The study was conducted by recent graduate Lindsey Russo and her advisor Brian Whitcomb, associate professor of biostatistics and epidemiology in the School of Public Health and Health Sciences at the University of Massachusetts Amherst.

Russo and Whitcomb's findings among healthy women ages 18 to 40 years old with a history of one or two pregnancy losses are based on their secondary analysis of the multi-site Effects of Aspirin in Gestation and Reproduction (EAGeR) study. It is led by Enrique Schisterman of the Eunice Kennedy Shriver National Institute of Child Health and Human Development. Results are in the current online issue of Human Reproduction.

Russo says, ""One of our main findings is that there was no overall relationship between most types of physical activity and the likelihood of becoming pregnant for women who had already had one or two pregnancy losses, except for walking, which was associated with higher likelihood of becoming pregnant among women who were overweight or obese.""

Whitcomb, whose research on the determinants of fertility and pregnancy outcomes usually involves studying biomarkers at the molecular level, adds, ""Lifestyle is definitely relevant to these outcomes because it can have an effect at the molecular level. What we eat and what we do are potential factors we can change to shape our health. So this sort of research is important because it helps provide information on the things people can actually do something about.""

Further, he says, ""We were happy to be able to add scientific evidence to general recommendations about physical activity. This is especially true for the results about walking for even limited blocks of time. Walking has great potential as a lifestyle change because of its low cost and availability.""

For the 1,214 women in the study, the association of walking with the ability to become pregnant, known as fecundability, varied significantly by body mass index, the authors report. Among overweight/obese women, walking at least 10 minutes at a time was associated with improvement in fecundability. Further, in statistically adjusted models, women reporting more than four hours a week of vigorous activity had significantly higher pregnancy chances compared to no vigorous activity.

Moderate activity, sitting and other activity categories were not associated with fecundability overall or in BMI-stratified analyses, they add. Russo and Whitcomb say one finding that is still not clear is the different associations related to vigorous compared to moderate and low-intensity activities. Whitcomb says, ""We don't know what to make of the finding that high intensity physical activity may have different biological effects than walking, but our study doesn't offer enough detail to get at why vigorous activity would work differently than other levels.""

Among a number of cautions the researchers point to in this work is that physical activity is related to other behaviors and lifestyle factors, and women who are more physically active may be different from women who are less active in many ways. Russo says, ""We did our best to try to account for the differences and to address them statistically.""

The researchers also note that the overall generalizability of this work is limited because the study population may not be representative of the general population with regard to fecundability, and exercise habits may differ in women with prior miscarriage compared to those without.

Whitcomb says another way in which this study is distinct from other work in this area has to do with who was included in the study. The EAGeR trial focused on women with a history of one or two prior pregnancy losses. However, he adds, ""We were happy to be able to conduct research considering women having the most difficulty getting and staying pregnant, and to provide messages about common lifestyle factors they may be able to address.""

The researchers conclude that ""these findings provide positive evidence for the benefits of physical activity in women attempting pregnancy, especially for walking among those with higher BMI. Further study is necessary to clarify possible mechanisms through which walking and vigorous activity might affect time-to-pregnancy.""

###",full_article,mixed,mixed,gold,0,1,-100,2,352d64b648af6bade070f40e2421d068bd4d2e76,en,4733
fakehealth,news_reviews_00077,Sylentis announces the results of tivanisiran for dry eye syndrome,"Sylentis, Pharmaceutical Company belonging to the PharmaMar Group, has presented results from the clinical studies carried out with tivanisiran for the treatment of dry eye syndrome and that has enabled the start-up of the Phase III ""Helix"" clinical trial. The presentation has taken place within the framework of the annual meeting of the Association for Research in Vision and Ophthalmology (ARVO) that has been held from the 29th of April to the 3rd of May in Honolulu, Hawaii.

The purpose if this meeting is to share the latest breakthroughs in research in the area of ophthalmology, to contribute to the progress in basic science and also in cutting-edge clinical research. In this context, Sylentis has participated at this event presenting the pre-clinical and clinical results of various compounds that are being developed for the treatment of ocular disorders. Among these, the abstract ""Tivanisiran a new treatment for Dry Eye Disease, that improved signs and symptoms in clinical trials"" (Posterboard number: 925 - B0103) is highlighted, the compound improving the ocular inflammatory parameters, tear quality and a reduction in ocular pain associated with dry eye disease is also underlined1.

The novel mechanism of action of tivanisiran, based on genetic silencing through RNA interference (RNAi), is targeted at the treatment of the signs and symptoms of this pathology, making it a firm candidate for the treatment of dry eye disease.

According to Ana Isabel Jiménez, Director of R&D at Sylentis, ""we trust in our technology, innovative in this field, and we hope that tivanisiran will soon become a real alternative for the treatment of millions of people that suffer dry eye disease around the world.""

In this respect, Jiménez points out that ""this is a significant step forward in the development of innovative drugs in different therapeutic areas through a novel technology of genetic silencing based on the RNA.""

Sylentis is a pioneer in RNAi research, and is one of the few in Europe that applies this technology to the field of ophthalmology. It also continues with its research on new therapies for ophthalmological and inflammatory illnesses.

It must be empathized that this pathology affects more than 5 million in Spain, between 10% and 20% of the population, mostly women, and almost 100% of these being elderly , . In this context, the phase III ""Helix"" study is being carried out in more than 30 hospitals in Spain, Germany, Estonia, Portugal, Slovakia and Italy, in 300 patients to evaluate the efficacy of this compound in the treatment of the sign and symptoms of dry eye syndrome.

###

About RNA interference: https:/ / www. youtube. com/ watch?v= iXvSitR5184

About tivanisiran (SYL1001)

Tivanisiran is a drug based on RNAi that is administered as preservative-free eye drops; it selectively inhibits production of the transient receptor potential cation channel (TRPV1). These receptors are ion channels that mediate the transmission of ocular pain. Tivanisiran is a small synthetic double-stranded RNA oligonucleotide (siRNA) with a novel and highly selective mechanism of action. Non-clinical studies conducted by Sylentis with SYL1001 have demonstrated it has high ability to inhibit this specific target and block the perception of ocular pain in animals3.

Tivanisiran is a product under development for the treatment of signs and symptoms related to dry eye syndrome and has the potential to be developed for other pathologies that cause ocular pain (corneal lesions, refractive surgery, etc.) , , .

About RNA interference (RNAi)

RNA interference (RNAi) is a natural cellular process that regulates the expression of certain genes, providing a role in innate defense and development in animals and plants. This process is used to specifically silence genetic transcripts that encode protein-causing diseases. The therapeutic application of targeted siRNAs is booming given the specificity of gene silencing for a particular protein in a given tissue and the lack of side effects. This new approach to drug discovery is a promising technology that is rapidly moving in the translational research space , .

About dry eye syndrome

Dry eye syndrome is a multifactorial disease of the tear film and ocular surface that produces symptoms of ocular discomfort, eyesight disorders, and tear film instability with potential damage to the ocular surface. Dry eye syndrome is accompanied by such symptoms as ocular pain, itching, stinging, and irritation of the eye tissues. It is a characteristic disease of developed countries, associated with pollution, air conditioning, the use of contact lenses, refractive surgery and continued use of computers. Moreover, the amount and quality of tears decrease with age. Prevalence is between 10% and 20% among people aged 50 or over, and it is more frequent in womeni,ii.

Dry eye can be treated with cyclosporin drops or autologous serum, but there is as yet no specific product for chronic treatment of the ocular pain related to dry eye syndrome; oral analgesics or anaesthetics are used in general. However, the main treatment consists of artificial tears, in the form of drops, gel or creams. Preservative-free eye drops have generally been found to offer the best long-term response.

About Sylentis",full_article,mixed,mixed,gold,0,1,-100,2,7962be6c1395f77378ed246dd63ee89788cc6590,en,5291
fakehealth,news_reviews_00078,New Phase 3 Data Show Esketamine Nasal Spray Demonstrated Rapid Improvements in Depressive Symptoms in Patients with Treatment-Resistant Depression,"TITUSVILLE, N.J., May 5, 2018 /PRNewswire/ -- The Janssen Pharmaceutical Companies of Johnson & Johnson today announced the results from two Phase 3 clinical studies of the investigational compound esketamine nasal spray in patients with treatment-resistant depression. These studies will be presented at the American Psychiatric Association Annual Meeting, taking place May 5-9 in New York, NY.

Data from a study in adults with treatment-resistant depression showed that flexibly dosed esketamine nasal spray plus a newly initiated oral antidepressant demonstrated a statistically significant, clinically meaningful rapid reduction of depressive symptoms as compared to placebo nasal spray plus a newly initiated oral antidepressant. The study defined treatment-resistant as patients who had not responded to two or more currently available antidepressants of adequate dose and duration in the current episode of depression.

Data from a second study, in elderly patients aged 65 and older with treatment-resistant depression, which is the first study of its kind, showed treatment with flexibly dosed esketamine plus a newly initiated oral antidepressant demonstrated clinically meaningful effects compared to placebo nasal spray plus a newly initiated oral antidepressant. However, the study narrowly missed statistical significance for its primary efficacy endpoint.

If approved by the U.S. Food and Drug Administration (FDA), esketamine would be one of the first new approaches to treat refractory major depressive disorder available to patients in the last 50 years.

""With about 30 percent of patients with major depression failing to respond to currently available antidepressants1, treatment-resistant depression represents a major public health need,"" said Husseini K. Manji, MD, Global Head, Neuroscience Therapeutic Area, Janssen Research & Development, LLC. ""The positive Phase 3 results for esketamine nasal spray in adults with treatment-resistant depression are exciting, particularly as they mark the first time an antidepressant has achieved superiority versus an active comparator in any clinical trial for major depressive disorder. What makes this even more significant is that the response was rapid and this milestone was achieved in patients deemed to be treatment-resistant. We are also pleased with the clinically meaningful outcomes for esketamine nasal spray in elderly patients, a population that often has greater disability and lower response rates.""

""There's a critical need for new, rapidly acting and effective treatment options for people with major depressive disorder who do not respond to existing therapies,"" said Mathai Mammen, M.D., Ph.D., Global Head, Janssen Research & Development, LLC. ""Janssen is fully committed to exploring the newest science in the area of mood disorders and bringing these discoveries to patients in need.""

Click to Tweet: Janssen announces new Phase 3 data re. treatment-resistant #depression

http://po.st/MUWq5V

Results of the Study in Adults with Treatment-Resistant Depression

In the Phase 3 study of adults with treatment-resistant depression, patients were randomized to flexibly dosed esketamine nasal spray (56 mg or 84 mg) added to a newly initiated oral antidepressant or placebo nasal spray added to a newly initiated oral antidepressant.

Primary Efficacy Endpoint

The primary efficacy endpoint, change from baseline in the Montgomery-Åsberg Depression Rating Scale (MADRS) total score, demonstrated the statistically significant clinical improvement in patients' depressive symptoms for esketamine nasal spray plus an oral antidepressant at day 28 (Least Squares Mean Difference Standard Error from placebo nasal spray plus a newly initiated oral antidepressant: -4.0 [1.69], 95% Confidence Interval [CI]: -7.31, -0.64; one-sided p=0.010).

Secondary and Other Efficacy Endpoints

The first key secondary endpoint (onset of clinical response by 24 hours post-dose that is maintained through day 28) numerically favored esketamine nasal spray plus an oral antidepressant vs. placebo nasal spray plus an oral antidepressant, but did not meet statistical significance (1-sided p=0.161). The other two key secondary endpoints (Sheehan Disability Scale [SDS], a subject-reported outcome measure widely used and accepted for assessment of functional impairment and associated disability, and Patient Health Questionnaire-9 [PHQ-9], a self-report scale assessing depressive symptoms) could not be formally evaluated since onset of clinical response was not statistically significant. Among other endpoints, response rate was notable with 69.3% responding in the esketamine group vs. 52% in the placebo group at 28 days (response ≥ 50% improvement in MADRS from baseline). Remission rate (MADRS total score ≤12) at day 28 was 52.5% and 31.0% for the esketamine and placebo groups, respectively.

The most common treatment-emergent adverse events (>10%) reported in the esketamine group were metallic taste, nausea, vertigo, dizziness, headache, drowsiness, dissociation, blurred vision, paraesthesia (tingling sensation) and anxiety. The most common treatment-emergent adverse events (>10%) reported in the placebo group were metallic taste and headache.

Results of the Study in Elderly Patients with Treatment-Resistant Depression

Janssen conducted a separate Phase 3 study in elderly patients with treatment-resistant depression. Elderly populations with major depressive disorder are historically hard to treat and often have co-morbidities and long-standing depression. To improve tolerability, patients were given a lower starting dose (28 mg) of esketamine nasal spray (flexibly dosed at 28 mg, 56 mg or 84 mg) plus a newly initiated oral antidepressant or placebo nasal spray plus a newly initiated oral antidepressant.

Primary Efficacy Endpoint

Although statistical significance for the primary endpoint for the overall patient population studied was narrowly missed, results favored the esketamine nasal spray plus a newly initiated oral antidepressant group (median unbiased estimate of the difference from placebo nasal spray plus a newly initiated oral antidepressant: -3.6, 95% CI: -7.20, 0.07; one-sided p=0.029). To put this into context, an analysis of placebo-controlled data from three prior studies conducted by Duru and Fantino determined that a minimum change in MADRS of 1.9 was clinically meaningful.2 In addition, the average difference is between 2-3 points for currently approved antidepressants vs. placebo.3

Safety results were consistent with previous studies of esketamine in younger adult populations. The most common treatment-emergent adverse events (>10%) reported in the esketamine group were dizziness, nausea, headache, fatigue, increased blood pressure, vertigo and dissociation. There were no treatment-emergent adverse events reported in >10% of patients in the placebo group.

Esketamine nasal spray has an acceptable safety and tolerability profile, based on the adverse event data from both Phase 3 studies. Adverse events and associated symptoms were seen predominately on the day of dosing and were generally transient and resolved on the day of dosing.

These findings represent two of the five Phase 3 studies that comprise Janssen's treatment-resistant depression program with esketamine nasal spray. The results from these studies will inform regulatory filings for esketamine nasal spray in treatment-resistant depression, for which Janssen has received Breakthrough Therapy Designations from the U.S. FDA. Data from other Phase 3 studies will be presented later in 2018.

About the Studies

In both Phase 3 studies, esketamine or placebo was provided in disposable nasal spray devices containing 200 μl of solution (i.e., two sprays), and administered under the supervision of a health care professional. A bittering agent was added to placebo to simulate the taste of esketamine, to help mask the treatment assignment.

The study in adults with treatment-resistant depression was a Phase 3, double-blind, active-control, flexibly dosed, multi-center study using blinded raters, conducted at 39 sites in Czech Republic, Germany, Poland, Spain and the United States from August 2015 to November 2017. The study enrolled adults with moderate-to-severe, non-psychotic, recurrent or persistent depression, and history of non-response to ≥2 antidepressants in the current episode of depression, with one of them assessed prospectively. Non-responders were randomized (1:1) to flexibly-dosed esketamine nasal spray (56 or 84 mg twice weekly) plus a newly initiated oral antidepressant (N=114) or placebo nasal spray plus a newly initiated oral antidepressant (N=109). The primary efficacy endpoint – change from baseline to day 28 in MADRS total score – was assessed among patients who received ≥1 dose of (nasal spray and oral) study medication by mixed-effects model using repeated measures using a one-sided significance level of 0.025. (5.69). For further information about this study, visit the ClinicalTrials.gov website.

The study in elderly patients with treatment-resistant depression was a Phase 3, double-blind, multicenter, active-controlled study. Patients ≥ 65 years of age were randomized 1:1 to either esketamine nasal spray plus a new oral antidepressant (N=72) or placebo nasal spray plus a new oral antidepressant (N=66). The primary endpoint was the change in the MADRS total score from day 1 (baseline) to day 28. Statistical analysis employed mixed-effects model repeated measures (MMRM), with a weighted combination test to account for an interim analysis for sample size re-estimation, using a one-sided significance level of 0.025. For further information about this study, visit the ClinicalTrials.gov website.

About Esketamine

Esketamine nasal spray is an investigational compound being studied by Janssen Research & Development, LLC as part of a global development program. Esketamine is a non-competitive N-methyl-D-aspartate (NMDA) receptor antagonist, also known as a glutamate receptor modulator, thought to help restore synaptic connections in brain cells in people with major depressive disorder. It has a novel mechanism of action, meaning it works differently than currently available therapies for depression.

Esketamine received Breakthrough Therapy Designations from the U.S. FDA in November 2013 for treatment-resistant depression and in August 2016 for the indication of major depressive disorder with imminent risk for suicide.4

About Major Depressive Disorder

Major depressive disorder affects nearly 300 million people of all ages globally and is the leading cause of disability worldwide.5 Individuals with depression, including major depressive disorder, experience continuous suffering from a serious, biologically based disease which has a significant negative impact on all aspects of life, including quality of life and function.5 Although currently available antidepressants are effective for many patients, about one third of patients do not respond to treatment and are thought to have treatment-resistant depression.6

About the Janssen Pharmaceutical Companies of Johnson & Johnson

At the Janssen Pharmaceutical Companies of Johnson & Johnson, we are working to create a world without disease. Transforming lives by finding new and better ways to prevent, intercept, treat and cure disease inspires us. We bring together the best minds and pursue the most promising science.

We are Janssen. We collaborate with the world for the health of everyone in it. Learn more at www.janssen.com. Follow us at www.twitter.com/JanssenUS and www.twitter.com/JanssenGlobal.

Cautions Concerning Forward-Looking Statements

This press release contains ""forward-looking statements"" as defined in the Private Securities Litigation Reform Act of 1995 regarding product development and the potential benefits of esketamine. The reader is cautioned not to rely on these forward-looking statements. These statements are based on current expectations of future events. If underlying assumptions prove inaccurate or known or unknown risks or uncertainties materialize, actual results could vary materially from the expectations and projections of Janssen Research & Development, LLC and/or Johnson & Johnson. Risks and uncertainties include, but are not limited to: challenges and uncertainties inherent in product research and development, including the uncertainty of clinical success and of obtaining regulatory approvals; uncertainty of commercial success; competition, including technological advances, new products and patents attained by competitors; challenges to patents; manufacturing difficulties and delays; changes in behavior and spending patterns or financial distress of purchasers of health care products and services; changes to applicable laws and regulations, including global health care reforms; and trends toward health care cost containment. A further list and description of these risks, uncertainties and other factors can be found in Johnson & Johnson's Annual Report on Form 10-K for the fiscal year ended January 1, 2017, including in Exhibit 99 thereto, and the company's subsequent filings with the Securities and Exchange Commission. Copies of these filings are available online at www.sec.gov, www.jnj.com or on request from Johnson & Johnson. None of the Janssen Pharmaceutical Companies or Johnson & Johnson undertakes to update any forward-looking statement as a result of new information or future events or developments.

National Institute of Mental Health. Sequenced Treatment Alternatives to Relieve Depression (STAR*D) Study. Available at: http://www.nimh.nih.gov/about/director/2011/antidepressants-a-complicated-picture.shtml#_edn2. Accessed May 2018 . The clinical relevance of changes in the Montgomery-Asberg Depression Rating Scale using the minimum clinically important difference approach. Available at: https://www.ncbi.nlm.nih.gov/pubmed/18377706. Accessed May 2018 . Khin NA, et.al. ""Exploratory analyses of efficacy data from major depressive disorder trials submitted to the US Food and Drug Administration in support of new drug applications,"" Journal of Clinical Psychiatry. April, 2011. Available at: https://www.ncbi.nlm.nih.gov/pubmed/21527123. Accessed May 2018 . Johnson & Johnson Press Release. Esketamine Receives Breakthrough Therapy Designation from U.S. Food and Drug Administration for Major Depressive Disorder with Imminent Risk for Suicide. Available at: https://www.jnj.com/media-center/press-releases/esketamine-recieves-breakthrough-therapy-designation-from-us-food-and-drug-administration-for-major-depressive-disorder-with-imminent-risk-of-suicide. Accessed May 2018 . World Health Organization. Depression. Available at: http://www.who.int/mediacentre/factsheets/fs369/en/. Accessed May 2018 . Thase ME. Update on partial response in depression. J Clin Psychiatry. 2009;70[suppl 6]:4-9.

Media Contact:

Greg Panico

609-730-3061 (office)

908-240-2011 (mobile)

Investor Contacts:

Joseph J. Wolk

732-524-1142 (office)

Lesley Fishman

732-524-3922 (office)

SOURCE Janssen Pharmaceutical Companies of Johnson & Johnson

Related Links

http://www.janssen.com

",full_article,true,true,gold,0,2,-100,2,69b59bdc21c5969b55c45339cf253afdd6cf5328,en,15209
fakehealth,news_reviews_00079,New research ranks the effectiveness of nonsurgical treatments for knee osteoarthritis,"ROSEMONT, Ill. (May 1, 2018)--An estimated 45 percent of people are at risk of developing knee osteoarthritis (OA) in their lifetime. According to a network meta-analysis research article published in the May 1, 2018 issue of the Journal of the American Academy of Orthopaedic Surgeons (JAAOS), the nonsteroidal anti-inflammatory drug (NSAID) naproxen was ranked most effective in individual knee OA treatment for improving both pain and function, and is considered a relatively safe and low-cost treatment method.

Nonsurgical treatments for knee OA supported by previous research evidence include strength training, low-impact aerobic exercises, NSAIDs, and weight loss in individuals with a body mass index over 25. This new research analyzed data from multiple trials to determine the relative effectiveness of various nonsurgical treatments for knee OA. The treatments that were compared and ranked included acetaminophen; ibuprofen; intra-articular (IA) or joint injections of cortisone; platelet-rich plasma (PRP); hyaluronic acid (HA); several NSAIDs, such as naproxen, celecoxib, and diclofenac; and both oral and IA placebo.

""This is the first comprehensive mixed-comparison analysis comparing best-evidence scientific research and excluding lower quality studies that can bias the outcomes,"" said lead author and orthopaedic surgeon David Jevsevar, MD, MBA. ""Using a statistical ranking technique, we worked to provide evidence regarding which of the most common NSAIDs are most likely to decrease pain and improve function, and we attempted to fill in the gaps in evidence for more inconclusive treatments such as HA, PRP, and corticosteroids.""

Authors analyzed 53 randomized controlled trials that examined knee OA treatments for at least 28 days and included a minimum of 30 participants per study group. Knee OA treatments were ranked on a scale of one to five, with one being the most effective. They found the following:

For pain reduction, cortisone injections provided the greatest short-term (4 to 6 weeks) pain relief, followed by ibuprofen, PRP injections, naproxen, and celecoxib.

Naproxen ranked the highest for probability for improving function, followed by diclofenac, celecoxib, ibuprofen, and PRP injections.

Naproxen was ranked the most effective individual knee OA treatment for improving both pain and function followed by cortisone injections, PRP injections, ibuprofen and celecoxib.

HA injections did not achieve a rank in the top five treatments for pain, function, or combined pain and function. An analysis of 12 articles also found that results with HA are not significantly different from those with IA placebo for treatment of knee OA.

""Because knee OA has both a high disease burden and high treatment costs, additional prospective studies using similar outcomes, timelines, and measures of clinically important changes are needed,"" explained Dr. Jevsevar. ""While the information in this analysis is helpful to physicians, patients also can benefit from these findings and use it with their doctors to weigh all possible treatment options.""

Although the use of NSAIDs for arthritic conditions such as knee OA has potential risks, including heart attack and stroke, existing evidence indicates that naproxen has less potential for adverse cardiovascular events.

###

More information about the AAOS and JAAOS

Follow the AAOS on Facebook, Twitter and Instagram

Follow the conversation about JAAOS on Twitter

Disclosures

From the Department of Orthopaedics, Dartmouth-Hitchcock Medical Center, Lebanon, NH (Dr. Jevsevar), American Academy of Orthopaedic Surgeons, Rosemont, IL (Mr. Shores, Mr. Mullen, Ms. Schulte, and Dr. Cummins), and Franciscan Orthopedic Associates, Tacoma, WA (Dr. Brown). J Am Acad Orthop Surg 2018; 26:325-336. DOI: 10.5435/JAAOS-D-17-00318",full_article,mixed,mixed,gold,0,1,-100,2,aac35f15ec7491716dcf126f0ec63515b0e55eb0,en,3816
fakehealth,news_reviews_00080,"Clinical trial offers natural eczema treatment, using good bacteria to fight the bad","It may seem strange to fight bacteria with more bacteria, but it could lead to a long-term solution for eczema patients

Eczema is the most common skin disease worldwide. People suffering from it often deal with a lifetime of painful symptoms. A new clinical trial is testing a natural treatment that researchers hope will provide a long-term solution for those dealing with the dry, itchy and painful skin that comes with chronic eczema. The trial uses a cream containing beneficial bacteria to fight harmful bacteria on the skin. While it may seem counterintuitive to treat bacteria with more bacteria, experts say this approach seeks to restore the natural microbial balance of healthy skin.

""There are over 1,000 species of bacteria that all live in balance on healthy skin, some that even produce natural antibiotics. However, we know that eczema patients lack the beneficial bacteria needed to kill Staph aureus, harmful bacteria that can worsen eczema,"" said Donald Leung, MD, head of the Division of Pediatric Allergy & Immunology at National Jewish Health.

To fight harmful bacteria, researchers isolate beneficial bacteria from our skin and grow it in a lab. It is then applied to eczema patients' skin as a lotion twice a day for a week. Bacterial DNA from patients' skin is then analyzed in a lab to determine if the cream effectively reduced the amount of bad bacteria present.

""Ideally, we want to eliminate all staph aureus from the skin of eczema patients,"" said Leung. ""What the cream does is help the skin gain back its natural balance and create that barrier needed to keep it healthy.""

Researchers hope that using the bacteria-infused cream will offer a long-term solution where other treatments fall short. Powerful antibiotics are commonly prescribed for eczema, but they kill good bacteria on patients' skin along with the bad. Creams containing corticosteroids are also often prescribed to eczema patients, but they come with harsh side effects, and patients usually can't tolerate them for long periods of time.

""The worst symptom of eczema is the itching and the scratching, and the more you scratch, the more it spreads. It can be very painful,"" said Cassandra Rodriguez, 33, who has struggled with eczema all her life.

Cassandra has tried just about every cream and medication on the market, and says when she learned about the clinical trial, she was on board to give it a try.

""The trial coordinator explained that it's like a probiotic for your skin,"" said Rodriguez. ""You hear all these things about good bacteria for your gut, so it seemed like a promising idea to apply that same concept to the skin.""

Cassandra's son also has eczema, and she's hoping this research will lead to an effective treatment so that he won't have to suffer with the pain and embarrassment of the disease for as long as she has. ""He's little now, but dealing with eczema as a teen and an adult is really difficult,"" said Rodriguez. ""If there were something on the market that could help him and help everyone suffering with eczema every day, that would be amazing.""

Experts say there is more research to be done, but that the goal of the trial is to discover the best combination of bacteria to clear eczema from the skin and then make it available to patients as a prescription cream. The next steps involve testing those different combinations, ensuring they're safe and conducting a longer trial to see if the benefits of bacterial cream can truly provide a permanent solution for eczema patients.

###

About National Jewish Health:

National Jewish Health is the leading respiratory hospital in the nation. Founded 119 years ago as a nonprofit hospital, National Jewish Health today is the only facility in the world dedicated exclusively to groundbreaking medical research and treatment of patients with respiratory, cardiac, immune and related disorders. Patients and families come to National Jewish Health from around the world to receive cutting-edge, comprehensive and coordinated care. To learn more, visit njhealth.org.",full_article,false,false,gold,0,0,-100,2,f21a71793a7de78128c0e6229fd2812ad6d0116b,en,4051
fakehealth,news_reviews_00081,New breath and urine tests detect early breast cancer more accurately,"NEW YORK April 25, 2018 - A new method for early and accurate breast cancer screening has been developed by researchers at Ben-Gurion University of the Negev and Soroka University Medical Center, using commercially available technology.

The researchers were able to isolate relevant data to more accurately identify breast cancer biomarkers using two different electronic nose gas sensors for breath, along with gas-chromatography mass spectrometry (GC-MS) to quantify substances found in urine.

In their study published in Computers in Biology and Medicine, researchers detected breast cancer with more than 95 percent average accuracy using an inexpensive commercial electronic nose (e-nose) that identifies unique breath patterns in women with breast cancer. In addition, their revamped statistical analyses of urine samples submitted both by healthy patients and those diagnosed with breast cancer yielded 85 percent average accuracy.

""Breast cancer survival is strongly tied to the sensitivity of tumor detection; accurate methods for detecting smaller, earlier tumors remains a priority,"" says Prof. Yehuda Zeiri, a member of Ben-Gurion University's Department of Biomedical Engineering. ""Our new approach utilizing urine and exhaled breath samples, analyzed with inexpensive, commercially available processes, is non-invasive, accessible and may be easily implemented in a variety of settings.""

The study reports breast cancer is the most commonly diagnosed malignancy among females and the leading cause of death around the world. In 2016, breast cancer accounted for 29 percent of all new cancers identified in the United States and was responsible for 14 percent of all cancer-related deaths.

Mammography screenings, which are proven to significantly reduce breast cancer mortality, are not always able to detect small tumors in dense breast tissue. In fact, typical mammography sensitivity, which is 75 to 85 percent accurate, decreases to 30 to 50 percent in dense tissue.

Current diagnostic imaging detection for smaller tumors has significant drawbacks: dual-energy digital mammography, while effective, increases radiation exposure, and magnetic resonance imaging (MRI) is expensive. Biopsies and serum biomarker identification processes are invasive, equipment-intensive and require significant expertise.

""We've now shown that inexpensive, commercial electronic noses are sufficient for classifying cancer patients at early stages,"" says Prof. Zeiri. ""With further study, it may also be possible to analyze exhaled breath and urine samples to identify other cancer types, as well.""

###

Study contributors include: Ben-Gurion University biomedical engineering researchers Prof. Yehuda Zeiri, Or Herman-Saffar, Zvi Boger, and Raphael Gonen; Dr. Shai Libson, a surgeon in the Breast Health Center at Soroka; and Dr. David Lieberman, an associate professor in Ben-Gurion University's Joyce and Irving Goldman Medical School, Faculty of Health Sciences.

About American Associates, Ben-Gurion University of the Negev

American Associates, Ben-Gurion University of the Negev (AABGU) plays a vital role in sustaining David Ben-Gurion's vision: creating a world-class institution of education and research in the Israeli desert, nurturing the Negev community and sharing the University's expertise locally and around the globe. As Ben-Gurion University of the Negev looks ahead to turning 50 in 2020, AABGU imagines a future that goes beyond the walls of academia. It is a future where Ben-Gurion U. invents a new world and inspires a vision for a stronger Israel and its next generation of leaders. Together with supporters, AABGU will help the University foster excellence in teaching, research and outreach to the communities of the Negev for the next 50 years and beyond. Visit vision.aabgu.org to learn more.",full_article,false,false,gold,0,0,-100,2,8f54318081bfbdcc6584b1b6c980ec2249903bc9,en,3831
fakehealth,news_reviews_00082,Researchers use smart phone to make a faster infection detector,"PULLMAN, Wash. - Washington State University researchers have developed a low-cost, portable laboratory on a phone that works nearly as well as clinical laboratories to detect common viral and bacterial infections.

The work could lead to faster and lower-cost lab results for fast-moving viral and bacterial epidemics, especially in rural or lower-resource regions where laboratory equipment and medical personnel are sometimes not readily available.

Led by Lei Li, assistant professor in the School of Mechanical and Materials Engineering, they have published their work in the journal, Clinica Chimica Acta. Collaboration with Ping Wang, associate professor of Pathology and Laboratory Medicine at the University of Pennsylvania's Perelman School of Medicine, enabled the design and implementation of the key clinical validation study.

Symptoms, judgment, waiting

In rural or underserved areas, doctors sometimes must rely on a patient's symptoms or use their own judgement in looking at test sample color results to determine whether a patient has an infection. As expected, this process is often inaccurate. If they send results off to a lab in a distant city, the doctors sometimes must wait for days -- by which time the infection may have become widespread. Most existing mobile health diagnostic devices, meanwhile, can only analyze one sample at a time.

Smartphone vs. lab tests

The WSU researchers found that their portable smartphone reader worked nearly as well as standard lab testing in detecting 12 common viral and bacterial infectious diseases, such as mumps, measles, herpes, and Lyme Disease. The researchers tested the device, which is about the size of a hand, with 771 patient samples at Hospital of University of Pennsylvania and found that it provided false positives only about one percent of the time (was 97. to 99.9 percent accurate).

The smartphone reader, which includes a portable device, takes a photo of 96 sample wells at once and uses a computer program to carefully analyze color to determine positive or negative results.

""This smartphone reader has the potential to improve access and speed up healthcare delivery,"" said Li. ""If we find out about infections, we can treat them more quickly, which makes a difference especially in low-resource, remote areas.""

Low-cost components

Buying the components themselves, the research team was able to build the device for about $50, but the manufacturing cost would probably be lower than that, he said. They have filed a patent and hope to move forward with clinical trials that could lead to commercialization.

###

The work was supported by a WSU fund to support entrepreneurial endeavors.",full_article,false,false,gold,0,0,-100,2,1baa8d9c5a10d5c1aa791fd376a2df677226f00a,en,2683
fakehealth,news_reviews_00083,Eating more fish could prevent Parkinson's disease,"A study from Chalmers University of Technology, Sweden, shines more light on the link between consumption of fish and better long-term neurological health

A new study from Chalmers University of Technology, Sweden, shines more light on the link between consumption of fish and better long-term neurological health. Parvalbumin, a protein found in great quantities in several different fish species, has been shown to help prevent the formation of certain protein structures closely associated with Parkinson's disease.

Fish has long been considered a healthy food, linked to improved long-term cognitive health, but the reasons for this have been unclear. Omega-3 and -6, fatty acids commonly found in fish, are often assumed to be responsible, and are commonly marketed in this fashion. However, the scientific research regarding this topic has drawn mixed conclusions. Now, new research from Chalmers has shown that the protein parvalbumin, which is very common in many fish species, may be contributing to this effect.

One of the hallmarks of Parkinson's disease is amyloid formation of a particular human protein, called alpha-synuclein. Alpha-synuclein is even sometimes referred to as the 'Parkinson's protein'.

What the Chalmers researchers have now discovered, is that parvalbumin can form amyloid structures that bind together with the alpha-synuclein protein. Parvalbumin effectively 'scavenges' the alpha-synuclein proteins, using them for its own purposes, thus preventing them from forming their own potentially harmful amyloids later on.

""Parvalbumin collects up the 'Parkinson's protein' and actually prevents it from aggregating, simply by aggregating itself first,"" explains Pernilla Wittung-Stafshede, Professor and Head of the Chemical Biology division at Chalmers, and lead author on the study.

With the parvalbumin protein so highly abundant in certain fish species, increasing the amount of fish in our diet might be a simple way to fight off Parkinson's disease. Herring, cod, carp, and redfish, including sockeye salmon and red snapper, have particularly high levels of parvalbumin, but it is common in many other fish species too. The levels of parvalbumin can also vary greatly throughout the year.

""Fish is normally a lot more nutritious at the end of the summer, because of increased metabolic activity. Levels of parvalbumin are much higher in fish after they have had a lot of sun, so it could be worthwhile increasing consumption during autumn,"" says Nathalie Scheers, Assistant Professor in the Department of Biology and Biological Engineering, and researcher on the study. It was Nathalie who first had the inspiration to investigate parvalbumin more closely, after a previous study she did looking at biomarkers for fish consumption.

Other neurodegenerative diseases, including Alzheimer's, ALS and Huntington's disease, are also caused by certain amyloid structures interfering in the brain. The team is therefore keen to research this topic further, to see if the discovery relating to Parkinson's disease could have implications for other neurodegenerative disorders as well. Pernilla Wittung-Stafshede stresses the importance of finding ways to combat these neurological conditions in the future:

""These diseases come with age, and people are living longer and longer. There's going to be an explosion of these diseases in the future - and the scary part is that we currently have no cures. So we need to follow up on anything that looks promising.""

A follow up study, looking at parvalbumin from another angle, is indeed planned for this autumn. Nathalie Scheers, together with Professor Ingrid Undeland, also of Chalmers, will investigate parvalbumin from herring, and its transport in human tissues.

""It will be very interesting to study how parvalbumin distributes within human tissues in more depth. There could be some really exciting results.""

More About: Fish and Better Neurological Health

The link between higher consumption of fish and better long-term health for the brain has been long established. There is correlation between certain diets and decreased rates of Parkinson's disease - as well as other neurodegenerative conditions.

""Among those who follow a Mediterranean diet, with more fish, one sees lower rates of Parkinson's and Alzheimer's,"" says Tony Werner, a PhD student in the Department of Biology and Biological Engineering, and lead researcher on the study. This has also been observed in Japan, where seafood forms a central part of the diet. The team is careful to note that no definite links can be established at this point, however.

More About: Amyloids and Aggregation

Proteins are long chains of amino acids that fold into specific structures to carry out their function. But sometimes, proteins can fold incorrectly, and get tangled up with other proteins, a process known as aggregation. As these misfolded proteins aggregate together, they create long fibrous structures known as amyloids. Amyloids are not necessarily a bad thing, but can be responsible for various diseases. Some of them can interfere with neurons in the brain, killing those cells, and causing a variety of neurodegenerative conditions.

More About: The Study

Nathalie Scheers had looked at parvalbumin before in another context.

""I was on a previous study where we looked at possible compliance markers for fish intake. Parvalbumin is a cause of fish allergies, so we knew that it passed over to the blood, and that this form of parvalbumin is specific for fish""

She joined forces with Pernilla Wittung-Stafshede, and together they took the idea forward.

""Because Nathalie had previously shown that parvalbumin passes into the body of the person eating fish, it made sense to study its interaction with human proteins. We already knew that they can meet in the gut, the blood, or the brain,"" explains Pernilla Wittung-Stafshede.

###",full_article,false,false,gold,0,0,-100,2,b57c099ee40e48776224b0a37238b9f7cafa4b03,en,5900
fakehealth,news_reviews_00084,"Brain scans may help diagnose neurological, psychiatric disorders","There are no laboratory tests to diagnose migraines, depression, bipolar disorder and many other ailments of the brain. Doctors typically gauge such illnesses based on self-reported symptoms and behavior.

Now, a new study shows that a kind of brain scan called functional connectivity MRI (fcMRI) - which shows how brain regions interact - can reliably detect fundamental differences in how individual brains are wired. As such, the technique potentially could be used to distinguish healthy people from people with brain diseases or disorders, and provide insight into variations in cognitive ability and personality traits.

The findings are published April 18 in Neuron.

""This is a step toward realizing the clinical promise of functional connectivity MRI,"" said senior author Steven Petersen, PhD, the James S. McDonnell Professor of Cognitive Neuroscience in Neurology and a professor of neurosurgery, of biomedical engineering, of psychological and brain sciences, and of radiology. ""Before we can develop diagnostic tests based on fcMRI, we need to know what it is actually measuring. We show here that it's not measuring what you're thinking, but how your brain is organized. That opens the door to an entire new field of clinical testing.""

Petersen, postdoctoral researcher and first author Caterina Gratton, PhD, and colleagues analyzed a set of data collected by the Midnight Scan Club, a group of Washington University scientists who took turns undergoing myriad scans in an MRI machine late at night, when the demand for such machines and, consequently, the usage fees tend to be low.

The researchers analyzed data from more than 10 hours of fcMRI scans on each of nine people, collected in 10 separate one-hour sessions for each person. During the scans, each person performed tasks related to vision, memory, reading or motor skills, or rested quietly.

Functional MRI scans generate a dynamic map of the outer surface of the brain, showing changing hot spots of activity over time. To create a functional connectivity map, Gratton divided the brain's surface into 333 regions and identified areas that became active and inactive in unison. She then constructed brain network maps for each individual, showing patterns of correlation between parts of the brain.

The sheer quantity of data available on each person allowed her to analyze how much an individual's brain networks changed from day to day and with different mental tasks.

The answer? Not much.

""Brain networks captured by fcMRI are really about the individual,"" Gratton said. ""Whether someone's watching a movie or thinking about her breakfast or moving her hands makes only a small difference. You can still identify that individual by her brain networks with a glance.""

The consistency of the fcMRI scans makes them a promising diagnostic tool. Although the technique's potential to identify brain disorders and diseases was noted years ago, fcMRI-based diagnostic tests have yet to make their way into doctors' offices. Progress has been stymied by confusion over whether the scans reflect fundamental, stable features of the brain, or if they change with every passing thought.

Further, the researchers found that the technique was powerful enough to distinguish people who were extraordinarily alike. All of the scanned brains belonged to young, healthy scientists and doctors.

""We need more data before we can know what is normal variation in the population at large,"" Gratton said. ""But the individual differences were really easy to pick up, even in a population that is really very similar. It's exciting to think that these individual differences may be related to personality, cognitive ability, or psychiatric or neurological disease. Thanks to this work, we know we have a reliable tool to study these possibilities.""

###",full_article,false,false,gold,0,0,-100,2,36c2d3f9d2a4cbbe68bae1892c3f584a319fda22,en,3822
fakehealth,news_reviews_00085,"Screenings miss half of diabetic, prediabetic patients","CHICAGO - Screening patients for diabetes based solely on their age and weight - a recommendation from a leading medical expert group - could miss more than half of high-risk patients, according to a new Northwestern Medicine study of a nationwide sample. These limited screening criteria also missed more racial and ethnic minorities, most notably Asians.

Failing to screen high-risk adults could lead to delayed treatments to prevent type 2 diabetes or manage the condition for those who already have it, possibly contributing to a worsening of the diabetes epidemic. Prediabetes and diabetes affect half of U.S. adults with an estimated cost of $327 billion per year.

The United States Preventive Service Task Force (USPSTF) currently recommends that physicians screen patients for dysglycemia (prediabetes or type 2 diabetes) when they are 40 to 70 years old and are overweight or obese. By following this recommendation, 53 percent of patients who had prediabetes or type 2 diabetes would not be screened. The study showed that screening patients using an expanded set of risk factors, which the USPSTF suggests but does not formally recommend, would identify most cases of prediabetes and type 2 diabetes.

Only 23 percent of patients with prediabetes or diabetes would be missed if expanded screening criteria were used to make screening decisions, the study found. The expanded criteria include a family history of diabetes, history of gestational diabetes or polycystic ovarian syndrome or non-white race or ethnicity.

""This seems like a no-brainer to screen patients who have any of these additional risk factors,"" said lead author Dr. Matthew O'Brien, assistant professor of medicine at Northwestern University Feinberg School of Medicine. ""By demonstrating how well these expanded criteria work in identifying patients with prediabetes and diabetes, we're proposing a better path for the USPSTF to strengthen its screening guidelines.""

The study was published today, Friday, April 13, in the Journal of General Internal Medicine. O'Brien will be presenting his findings today at the Society for General Internal Medicine conference in Denver, Colorado. This is the first study to report how these expanded screening criteria would perform in practice among a nationally representative sample of U.S. adults.

The USPSTF has come under scrutiny for other screening recommendations, most notably for breast cancer. But there has been little attention focused on this group's most recent diabetes screening guideline.

Intensive lifestyle programs and some medications have been proven to prevent or delay type 2 diabetes among adults with prediabetes. A large volume of research over the last three decades has demonstrated that treating type 2 diabetes prevents life-threatening complications such as heart attacks, strokes and kidney failure.

""The earlier patients are diagnosed with these conditions, the sooner they can begin to combat them,"" O'Brien said.

African-Americans and Latinos develop type 2 diabetes at younger ages, so waiting until they are 40 years old to screen them is problematic, O'Brien said. In the study, 50 percent of whites with prediabetes or type 2 diabetes were identified using the limited criteria compared to only 48 percent of African-Americans and only 44 percent of Latinos.

Asians are at high risk of developing diabetes even at a healthy weight. By following the limited guidelines and only screening patients who are overweight or obese, approximately 30 percent of Asians with prediabetes or type 2 diabetes would be identified. That would leave 70 percent of Asians with prediabetes or diabetes undiagnosed until their next screening test, which could occur years later.

The study also touches on the financial implications of these guidelines. Under a provision in the Affordable Care Act, all services recommended by the USPSTF must be fully covered by insurers. But O'Brien said it is unclear whether insurers will be required to pay for diabetes screening if patients only meet the expanded criteria.

""This could be a particular problem for people of low socioeconomic status who are at high risk of developing diabetes and may be unable to pay for a screening test,"" O'Brien said.

The study was conducted collaboratively with the United States Centers for Disease Control and Prevention (CDC), using data collected every year from a nationally representative sample of U.S. adults. It builds on findings from a previous study O'Brien conducted that incorporated electronic health record data from 50,515 adult primary care patients at community health centers in the Midwest and Southwest between 2008 and 2013.

###

Other Northwestern authors are senior author Dr. Ronald Ackermann and co-authors Mercedes Carnethon and Dr. Namratha Kandula. The other co-authors were from the CDC. Dr. Ronald Ackermann is the study's senior author.

The study was funded by grants R21-DK112066, R01-HL093009 and ULI-TR001422 from the National Center for Health Statistics of the National Institute of Health.",full_article,false,false,gold,0,0,-100,2,560e197a477fe77145f1c2c4d1044a9580b0bf35,en,5060
fakehealth,news_reviews_00086,University of Waterloo develops new way to fight HIV transmission,"Scientists at the University of Waterloo have developed a new tool to protect women from HIV infection.

The tool, a vaginal implant, decreases the number of cells that the HIV virus can target in a woman's genital tract. Unlike conventional methods of HIV prevention, such as condoms or anti-HIV drugs, the implant takes advantage of some people's natural immunity to the virus.

HIV infects the body by corrupting T cells that are mobilized by the immune system when the virus enters a person's body. When the T cells stay resting and do not attempt to fight the virus they are not infected and the HIV virus is not transmitted between people. When the T cells stay resting, it's referred to as being immune quiescent.

""We know that some drugs taken orally never make it to the vaginal tract, so this implant could provide a more reliable way to encourage T cells not to respond to infection and therefore more reliably and cheaply prevent transmission,"" said Emmanuel Ho, a professor in the School of Pharmacy at Waterloo. ""What we don't know yet is if this can be a stand-alone option for preventing HIV transmission or if it might be best used in conjunction with other prevention strategies. We aim to answer these questions with future research.""

Ho's implant was inspired by previous research involving sex workers in Kenya. In Kenya, Ho and research partner Keith Fowke of the University of Manitoba, observed that many of these women who had sex with HIV positive clients but did not contract the virus. They later found the women possessed T cells that were naturally immune quiescent.

""Observing this, we asked ourselves if it was possible to pharmacologically induce immune quiescence with medication that was better assured of reaching the point of infection,"" said Ho. ""By delivering the medication exactly where it's needed, we hoped to increase the chances of inducing immune quiescence.""

The implant is composed of a hollow tube and two pliable arms to hold it in place. It contains hydroxychloroquine (HCQ) which is disseminated slowly through the porous material of the tube and absorbed by the walls of the vaginal tract.

The implants were tested in an animal model and the team observed a significant reduction in T cell activation, meaning that the vaginal tract was demonstrating an immune quiescent state.

The article recently appeared in the Journal of Controlled Release.

###",full_article,false,false,gold,0,0,-100,2,2e24b285658167046c03c7b036a6f7facc3852cb,en,2409
fakehealth,news_reviews_00087,Multiple Studies Show Freespira® Eliminates Panic Attacks in 80% of Patients,"DANVILLE, Calif., April 11, 2018 /PRNewswire/ -- Palo Alto Health Sciences, Inc. (PAHS), developer of the drug-free Freespira® treatment for panic attacks and other symptoms of panic disorder, today announced that another study has demonstrated clinically significant symptom improvement, with 80% of patients panic attack free one year after treatment.

This latest study, conducted as part of the VITAL Program at Allegheny Health Network in Pennsylvania, also demonstrated a 50% reduction in healthcare costs in patients with panic symptoms 12 months after being treated with Freespira.

A Symposium at the Anxiety and Depression Association of America (ADAA) Annual Conference in Washington, DC focused on the impact of abnormal breathing patterns on anxiety-related conditions and treatments as reported in five studies. Two studies reported nearly 80% of Freespira-treated patients were panic attack free at 12 months post-treatment. Two additional studies reported that patients with mixed anxiety disorders and low exhaled CO2 at baseline were less responsive and/or discontinued treatment with Cognitive Behavioral Therapy or Acceptance Commitment Therapy.

Early data from a fifth study reported on Freespira treatment for patients with Post-Traumatic Stress Disorder (PTSD). Ninety percent of patients in this study experienced a significant improvement in PTSD symptoms at two months and six months post-treatment.

Symposium Chair David Tolin, Ph.D., Director of Anxiety Disorders Center, The Institute of Living, and Adjunct Professor of Psychiatry, Yale University School of Medicine, commented, ""Studies of the Freespira treatment have shown that this innovative approach to treating patients suffering from panic symptoms and panic attacks not only significantly reduces or eliminates these symptoms in approximately 80% of patients, but also results in meaningful reduction in health costs.""

Debra Reisenthel, CEO of Palo Alto Health Sciences, added, ""Patients with panic symptoms and panic attacks have 3-5 times higher medical costs than patients without panic due to higher utilization of medical resources, including ED visits, physician visits and prescription drugs.""

Freespira is both easy to use and effective. Once a licensed healthcare provider authorizes the treatment and after a single training session, the patient uses Freespira at home, performing two 17-minute breathing sessions a day over a four-week period, after which the treatment is complete. The peer-reviewed published multi-center Freespira clinical trial, presented by Dr. Tolin, demonstrated that 71% of patients were panic attack free immediately after treatment and 79% of patients were panic attack free 12 months post-treatment.

About Freespira

Freespira is an FDA-cleared, drug-free, four-week at-home treatment for panic attacks and other panic symptoms. Treatment is authorized and completed under the supervision of a licensed healthcare provider. Freespira is clinically proven to reduce or eliminate panic attacks and other symptoms of panic disorder, a mental health condition in which debilitating anxiety leads to life-altering avoidance behaviors. Individuals with panic chronically hyperventilate, even when not experiencing a panic attack. This abnormal breathing pattern has been shown to exacerbate attacks. Freespira works by training the patient to stabilize respiration rate and exhaled carbon dioxide levels, which reduces or eliminates panic attacks.

About Palo Alto Health Sciences, Inc.

Palo Alto Health Sciences, Inc. is a privately held digital therapeutic company revolutionizing behavioral healthcare with evidence-based, non-invasive, drug-free solutions. Their first product, Freespira, is an FDA-cleared treatment for individuals suffering from panic disorder, panic attacks and other symptoms of panic. In the United States, over 6.7 million adults annually suffer from panic disorder; panic attacks affect a total of 27 million adults in the U.S. every year and are a common component of other anxiety disorders.

Freespira is commercially available throughout the U.S. To learn more, visit http://www.freespira.com or contact info@pahealthsciences.com.

MEDIA CONTACT

Michele Kong

(800) 735-8995

SOURCE Palo Alto Health Sciences

Related Links

http://freespira.com

",full_article,false,false,gold,0,0,-100,2,7c2a76ae2f14dc0def56f95267e646d92f02a155,en,4308
fakehealth,news_reviews_00088,New class of drugs could help tackle treatment-resistant cancers,"Researchers have discovered a new class of drug that has the potential to help cancer patients who no longer respond to existing therapies.

The drug may not become available to patients for a number of years yet, but researchers believe that if clinical trials are successful, it could be used to tackle a variety of treatment-resistant cancers.

Patients with breast cancer for example frequently become resistant to existing hormone-based treatments, leading to the disease becoming fatal.

In a bid to come up with new forms of treatment that work in a distinct way from established ones, chemists, biologists and clinicians at Imperial College London collaborated on creating a new drug, the properties of which are reported in the journal Molecular Cancer Therapeutics.

The team of scientists at Imperial was funded by Cancer Research UK. The drug was then developed by Imperial, in collaboration with Emory University in the USA.

Early lab-based tests of ICEC0942 were successful in targeting resistant breast cancers and indicated minimal side effects. ICEC0942 was then licenced to Carrick Therapeutics, who developed it into a molecule named CT7001, which they have taken to early-stage clinical trials in less than two years.

The first patient was given the drug in November 2017 as part of Carrick's a Phase I clinical trial to assess its safety and how well it can be tolerated. The trial is still ongoing, so results are not available yet.

Professor Charles Coombes, from the Department of Surgery & Cancer, said: ""Treatment-resistant tumours represent a significant threat for patients, as once a cancer stops responding to treatments there is increasingly little clinicians can do.

""Drugs such as these could help to shift the balance back in favour of the patients, potentially providing a new option to patients for who existing treatments no longer work.""

Professor Tony Barrett, from the Department of Chemistry, said: ""This work is the result of extensive collaboration between chemists, biologists and clinicians, which has helped to bring a new treatment from discovery to clinical testing in record time, streamlining the process.""

The drug targets an enzyme called CDK7, involved in directing cells through their lifecycle, which consists of growth, DNA replication and cell division. CDK7 is also involved in the process of transcription, a vital step in gene expression - the creation of proteins to carry out cell functions. Particular cancers, such as treatment-resistant breast cancers, have a unique dependence on transcription, meaning targeting CDK7 may be particularly effective.

By inhibiting transcription, ICEC0942 shuts down the ability of the cancer to spread. As well as breast cancers, cancers such as acute myeloid leukaemia and small-cell lung cancer are particularly transcription-dependent, so ICEC0942 may work well for these too, especially where they have become resistant to other treatments.

The discovery of the drug was spurred by an initial meeting between Professor Anthony Barrett, from the Department of Chemistry, and oncologist Professor Charles Coombes from the Department of Surgery & Cancer.

Professor Simak Ali, also from the Department of Surgery & Cancer, was working on understanding the action of CDK7 in treatment-resistant breast cancer. Professors Coombes and Ali suggested CDK7 as a drug target, leading the collaboration to attempt to design a molecule that would inhibit its action.

From early attempts, a large collaborative team was eventually founded for drug discovery from 'bench to bedside', directed by Dr Matthew Fuchter in the Department of Chemistry. Possible compounds for CDK7 inhibition were modelled using computational drug design, aided by collaboration with Emory University.

Ultimately, a candidate molecule called ICEC0942 suppressed tumour growth in a wide range of cancer types in lab tests. In addition, laboratory studies showed ICEC0942 worked better in combination with traditional hormone therapies for estrogen receptor positive breast cancer cells, which have not yet become resistant. It is this molecule, in oral pill form, that was taken forward by Carrick as CT7001 and is currently in Phase I clinical trials. If the Phase I trial proves successful, the compound must pass further stages of trial over the next few years before it becomes available to patients.

Early funding for the study came from the Engineering and Physical Sciences Research Council (EPSRC), and a major contribution of whole-project funding was from Cancer Research UK. Licensing of the technology to Carrick Therapeutics was led by Cancer Research UK's Commercial Partnerships Team and Imperial Innovations, the Technology Transfer Office of Imperial, with support from Emory University.

Dr Iain Foulkes, Cancer Research UK's executive director of research and innovation, said: ""It's exciting to see how Cancer Research UK's partnerships with both academia and industry are bringing urgently needed new tests and treatments to patients.

""Drug resistance continues to be a major challenge across many cancer types so it's vital that we explore new ways to tackle tumours that have stopped responding to standard therapies. We hope that this promising new class of drug will offer more options to patients who have few left available to them, and help more people survive their cancer.""

###",full_article,false,false,gold,0,0,-100,2,febab3d2236aca1844e7269840304af832601d4a,en,5384
fakehealth,news_reviews_00089,New drug combo improves survival of women with rare uterine cancer,"Adding the monoclonal antibody drug trastuzumab--already used to treat certain breast cancers--to the chemotherapy regimen of women with a rare form of uterine cancer lengthens the amount of time their tumors are kept from growing, according to Johns Hopkins Medicine researchers conducting a small phase II trial of the regimen, testing its safety and value.

The results of the trial, published online ahead of print on March 27 in the Journal of Clinical Oncology, show that the drug extended the length of time to tumor progression by four to eight months in the seven-year trial. The researchers say this may lead to new national guidelines for treating this cancer subtype, known as uterine serous carcinoma.

Uterine serous carcinoma makes up less than 10 percent of all cancers of the endometrium, or lining of the womb, diagnosed in the United States each year, but it accounts for more than a third of the 10,000 endometrial cancer deaths annually. The aggressive carcinomas often don't cause symptoms until they've begun to spread throughout the body. As a result, the average time that standard chemotherapy and surgical treatments can keep the tumor from growing or spreading--known as progression-free survival--is only about eight months.

""The fact that these tumors grow rapidly, but also have a propensity to spread to lymph nodes and other organs very early, is a double whammy for women,"" says Amanda Fader, M.D., associate professor of gynecology and obstetrics at the Johns Hopkins University School of Medicine, and first author of the new study.

Fader and her colleagues knew that about 30 percent of all uterine serous carcinomas test positive for HER2/neu, a receptor protein that is also overexpressed in about 10 percent of all breast cancers. Trastuzumab binds to and blocks HER2/neu, keeping it from driving tumor growth, and has been shown to be effective in so-called HER2 positive breast cancers.

From August 2011 through March 2017, Fader, Alessandro Santin, M.D., professor of gynecology and obstetrics at Yale University, and collaborators at 11 other cancer treatment centers in the U.S. randomly assigned 61 women with uterine serous carcinoma, being seen at the participating institutions, to receive either the standard chemotherapeutic regimen--a combination of the drugs carboplatin and paclitaxel--or those drugs plus trastuzumab. Some 41 of the patients had stage 3 or 4 uterine serous carcinoma--known as advanced disease--and 17 had recurrent uterine serous carcinoma. All tested positive for the HER2/neu receptor.

Among all patients, the 28 controls receiving only the standard carboplatin and paclitaxel combination had an average progression-free survival time of eight months, and the 30 who received trastuzumab in addition had an average progression-free survival time of 12.6 months. However, the difference was even more profound in the 41 patients with advanced disease, whose progression-free survival time went from an average of 9.3 months to 17.9 months with the addition of trastuzumab.

""Even an improvement of a few months may be quite meaningful for women with these cancers,"" says Fader, who is also affiliated with the Sidney Kimmel Comprehensive Cancer Center at Johns Hopkins.

Among patients with recurrent disease, progression-free survival time increased from an average of six months to 9.2 months. The difference, Fader says, may be that these patients have been heavily treated in the past, are more likely to have overall poorer health and are more likely to have mutated or heterogeneous tumors, or tumors with different levels of HER2 expression.

Follow-up studies of the women who remain alive--who now number 35--continue, the researchers say, to track the impact of trastuzumab on overall survival time even after tumor progression. But the results of the trial, they add, were strong enough to warrant submission to the National Comprehensive Cancer Network, which guides the design of standard treatment plans around the country.

Fader cautions that a larger study of the drug combination, or other combinations, is needed to confirm the findings and potentially extend survival even more. She notes that using trastuzumab to selectively treat uterine serous carcinoma that express HER2/neu is part of a broader trend at Johns Hopkins and other cancer centers to use the tools of tailored therapy, or precision medicine, based on the molecular and genetic makeup of tumors and patients.

###

Other authors of the paper are Dana M. Roque of the University of Maryland; Paul Celano of Greater Baltimore Medical Center; William Lowery of Walter Reed Medical Center; Eric Siegel of the University of Arkansas for Medical Sciences; Natalia Buza, Pei Hui, Osama Abdelghany, Stefania Bellone, Masoud Azodi, Babak Litkouhi, Elena Ratner, Dan-Arin Silasi, Peter E. Schwartz and Alessandro D. Santin of the Yale University School of Medicine; Setsuko K. Chambers of the University of Arizona; Angeles Alvarez Secord and Laura Havrilesky of Duke University School of Medicine; David M. O'Malley and Floor Backes of The Ohio State University School of Medicine; Nicole Nevadunsky of Montefiore Medical Center; Babak Edraki of John Muir Medical Center; Dirk Pikaart of the Penrose Cancer Center-St Francis; and Karim S. ElSahwi of Meridian Health.

The study trial was funded by Genentech-Roche. The drug used in this research was also provided by Genentech-Roche, which makes one brand of trastuzumab.

COI: Amanda Fader has reported a consulting or advisory role for Merck, which also makes HERher2- blocking drugs. Fader no longer holds that role.",full_article,false,false,gold,0,0,-100,2,fc95b2556fd21c172ee12c596e1d58cf8e13f528,en,5625
fakehealth,news_reviews_00090,Allina study shows patients with very small breast tumors may forgo lymph node biopsies,"How to treat patients who have microinvasive breast cancer - tumors that are 1 mm or less in size (the thickness of a dime) -- is somewhat controversial. Can these tiny tumors affect the lymph nodes and spread cancer to other areas of the body?

Physicians at the Virginia Piper Cancer Institute wanted to know if surgical procedures to test the lymph nodes for cancer were always necessary.

They examined the outcomes of 294 patients who were treated between 2001 and 2015. Only 1.5 percent had positive lymph nodes - indicating the rare possibility of metastatic cancer. And the only patients with positive lymph nodes had microinvasive tumors that were associated with relatively large non-invasive tumors (ductal carcinoma in situ or DCIS).

""These findings allow surgeons to select which patients with microinvasive tumors may actually benefit from lymph node sampling, while sparing other patients from this procedure,"" said Tamera Lillemoe, M.D, pathologist and a study co-author.

###

The study, funded by Engelsma Family Foundation and Abbott Northwestern Hospital Foundation, was published recently in The Breast Journal, the official journal of the National Consortium of Breast Cancers.

About Virginia Piper Cancer Institute® - Abbott Northwestern Hospital

The Virginia Piper Cancer Institute®, part of Allina Health, provides comprehensive care through all aspects of cancer prevention, early detection and treatment to help individuals maintain quality of life and find ways to live with and beyond cancer. The Institute was founded in 1990 at Abbott Northwestern Hospital.

In addition to retaining its first place ranking for the best hospital in the Twin Cities and second in the State of Minnesota in the U.S. News & World Report's 2016-17 best hospital rankings, Abbott Northwestern has received nursing magnet certification, a recognition earned by only five percent of hospitals nationwide.

Allina Health is dedicated to the prevention and treatment of illness and enhancing the greater health of individuals, families and communities throughout Minnesota and western Wisconsin. A not-for-profit health care system, Allina Health cares for patients from beginning to end-of-life through its 90+ clinics, 12 hospitals, 15 retail pharmacies, specialty care centers and specialty medical services, home care, home oxygen and medical equipment and emergency medical transportation services.

For more information, visit us at allinahealth.org, Facebook, Twitter, YouTube or Healthy Set Go.",full_article,mixed,mixed,gold,0,1,-100,2,146a447a424ca7fc9f06e3e1b369a7ceaa8cf467,en,2511
fakehealth,news_reviews_00091,Acupressure for menstrual pain,"Can acupressure achieve a sustained reduction in menstrual pain? Is an app-based self-care program particularly attractive to young women? These questions addressed in a new study by researchers from Charité - Universitätsmedizin Berlin, the results of which have been published in the American Journal of Obstetrics and Gynecology*.

Approximately 50 to 90 percent of young women experience pain during their periods. While this pain primarily manifests itself as lower abdominal cramping, other symptoms include headache, backache, nausea and diarrhea. Acupressure is a technique derived from traditional Chinese medicine (TCM). In contrast to acupuncture, this technique can be used as a form of self-care and is suitable for use at home. Rather than using needles, this technique involves massage or pressure being applied to specific points on the body.

The researchers wanted to evaluate whether in a group of women suffering from severe menstrual pain, aged between 18 and 34, self-acupressure would be more effective at achieving a sustained reduction in menstrual pain than usual care alone (e.g. pain medication and hormonal contraceptives). A total of 221 participants were randomly assigned to one of two treatment groups, both of which received a study app and short introduction. Acupressure-based features - with instructions on how to administer self-acupressure shortly before and during menstruation - were only made available to the intervention group. One advantage of an app-based intervention is its ability to provide visual descriptions of the pressure points users need to target in order to achieve the desired effect. It can also send regular reminders. Additionally, the app was used to collect all study-related data.

""Initially, we simply wanted to conduct a study on the use of self-care techniques for menstrual pain. However, the women who were involved during the planning stages, all of whom were affected by menstrual pain, wanted an app,"" reports the study's principal investigator, Prof. Dr. Claudia Witt of the Institute of Social Medicine, Epidemiology and Health Economics. The app helped participants to apply simple self-acupressure techniques to three different acupressure points.

After three months, 37 percent of participants in the acupressure group reported a 50 percent reduction in pain intensity. After six months, this proportion had increased to more than half of the women in this group (58 percent). Only 25 percent of women in the control group reported a similar reduction in pain intensity at both the 3-month and 6-month marks. Women in the acupressure group also used less pain medication than women in the control group and reported lower levels of pain overall.

""We were surprised to see that, after six months, two thirds of participants continued to use self-acupressure. So far, research into the clinical effectiveness of apps has been limited, and only a few have been tested using randomized controlled trials,"" says Dr. Daniel Pach of the Institute of Social Medicine, Epidemiology and Health Economics. He adds: ""We were able to show that apps can be evaluated in a clinical trial setting. However, despite our experience with conventional clinical trials, there was a lot for us to learn - something we found both exciting and eye-opening."" The app Luna has recently been updated and optimized for use with iOS.

###

*Susanne Blödt, Daniel Pach, Sanna von Eisenhart-Rothe, Fabian Lotz, Stephanie Roll, Katja Icke, Claudia M. Witt: Effectiveness of app-based self-acupressure for women with menstrual pain compared to usual care: a randomized pragmatic trial. In: American Journal of Obstetrics and Gynecology, Volume 218, Issue 2, February 2018, Pages 227.e1-227.e9. DOI: 10.1016/j.ajog.2017.11.570.

Contact

Prof. Dr. Claudia Witt

Institute of Social Medicine, Epidemiology and Health Economics

Charité - Universitätsmedizin Berlin

t: +49 30 450 529 132

Email: claudia.witt@charite.de

- Links

https:/ / epidemiologie. charite. de/ en/",full_article,true,true,gold,0,2,-100,2,de0f7099bc33d40fe8962dd9e6fd21268d76c742,en,4019
fakehealth,news_reviews_00092,Noninvasive stimulation device can help prevent migraine attacks,"Mayo study shows easy-to-use, noninvasive stimulation device can help prevent migraine attacks

SCOTTSDALE, Arizona - A migraine is much more than just a bad headache. Migraine symptoms, which can be debilitating for many people, are the sixth leading cause of disability, according to the World Health Organization. While there is no cure, a new study published in Cephalalgia in March shows single-pulse transcranial magnetic stimulation is a new way to prevent migraine attacks. It's safe, easy to use and noninvasive.

MULTIMEDIA ALERT: Video and audio are avaiable for download on the Mayo Clinic News Network.

Researchers at Mayo Clinic and other major academic headache centers across the U.S. recently conducted the study that examined the effectiveness of using a single-pulse transcranial magnetic stimulation device to prevent migraine attacks. The eNeura SpringTMS Post-Market Observational U.S. Study of Migraine study, also known as ESPOUSE, instructed participants to self-administer four pulses with the device in the morning and four pulses at night over three months to prevent and treat migraine attacks as needed. Spring TMS stands for Spring transcranial magnetic stimulation or sTMS.

""The migraine brain is hyperexcitable, and basic science studies have demonstrated modulation of neuronal excitability with this treatment modality,"" says Amaal Starling, M.D., a Mayo Clinic neurologist, who is first author of the study. ""Our study demonstrated that the four pulses emitted from this device twice daily reduce the frequency of headache days by about three days per month, and 46 percent of patients had at least 50 percent or less migraine attacks per month on the treatment protocol. This data is clinically significant. Based on the current study and prior studies in acute migraine attack treatment, sTMS not only helps to stop a migraine attack, but it also helps prevent them.""

""For certain patients, treatment options for migraines, such as oral medications, are not effective, well-tolerated or preferred,"" Dr. Starling adds. ""The sTMS may be a great option for these patients and allow doctors to better meet their unique needs.""

The U.S. Food and Drug Administration already had approved the sTMS device for the acute treatment of migraine with aura. The FDA now has approved it to prevent migraine, as well.

###

About Mayo Clinic

Mayo Clinic is a nonprofit organization committed to clinical practice, education and research, providing expert, comprehensive care to everyone who needs healing. Learn more about Mayo Clinic. Visit the Mayo Clinic News Network.",full_article,false,false,gold,0,0,-100,2,ebe4ba603acc6b4d455109d651eade3fbea2f9ed,en,2599
fakehealth,news_reviews_00093,Pediatric cancer drug shows 93 percent response rate,"DALLAS - March 29, 2018 - A first-of-its-kind drug targeting a fused gene found in many types of cancer was effective in 93 percent of pediatric patients tested, researchers at UT Southwestern's Simmons Cancer Center announced.

Most cancer drugs are targeted to specific organs or locations in the body. Larotrectinib is the first cancer drug to receive FDA breakthrough therapy designation for patients with a specific fusion of two genes in the cancer cell, no matter what cancer type. The research appears in The Lancet Oncology.

""In some cancers, a part of the TRK gene has become attached to another gene, which is called a fusion. When this occurs, it leads to the TRK gene being turned on when it's not supposed to be and that causes the cells to grow uncontrollably. What's unique about the drug is it is very selective; it only blocks TRK receptors,"" said lead author Dr. Ted Laetsch, Assistant Professor of Pediatrics and with the Harold C. Simmons Comprehensive Cancer Center.

More information

Lancet Oncology paper

News release on NEJM paper

Larotrectinib, targets TRK fusions, which can occur in many types of cancer. While the TRK fusions occur in only a small percentage of common adult cancers, they occur frequently in some rare pediatric cancers, such as infantile fibrosarcoma, cellular congenital mesoblastic nephroma, and papillary thyroid cancer, said Dr. Laetsch, who leads the Experimental Therapeutics Program (ETP) in the Pauline Allen Gill Center for Cancer and Blood Disorders at Children's Health in Dallas.

""Every patient with a TRK fusion-positive solid tumor treated on this study had their tumor shrink. The nearly universal response rate seen with larotrectinib is unprecedented,"" Dr. Laetsch said.

Among them was 13-year-old Briana Ayala of El Paso, who aspires to a career in fashion design. In 2016, Briana was found to have a rare tumor in her abdomen wrapped around her aorta, the largest artery in the body.

Surgeons in her hometown said it would be too dangerous to operate, so her family brought Briana to Children's Health in Dallas, where UT Southwestern Professor of Surgery Dr. Stephen Megison had to remove portions of her aorta while removing most of the tumor.

But the cancer started to grow again and no further treatments were available.

Dr. Laetsch sent her tumor for genetic testing and found that Briana's cancer had the TRK fusion, meaning the new drug might help.

Briana enrolled in the phase 1 clinical trial of larotrectinib and began taking the drug twice a day. Within weeks her pain and the swelling in her abdomen diminished, and scans showed her tumors had shrunk significantly.

Nearly two years later, Briana is back in school and playing with her dog, Goofy, and the family's seven parakeets. She's also been able to pick up her sketch pad and her dreams of a New York City fashion career.

""These are the kind of amazing responses we've seen with larotrectinib,"" said Dr. Laetsch, ""and this is why I'm so excited about it.""

The results of the larotrectinib trial in adult patients - a 75 percent response rate - were published last month in the New England Journal of Medicine.

The TRK-fusion mutation can be present in many types of cancers, including lung, colon, thyroid, and breast cancer, as well as certain pediatric tumors. TRK, short for tropomyosin receptor kinase, is a gene that plays a key role in brain and nervous system development and has a limited role in nervous system functions such as regulating pain in later life.

Larotrectinib belongs to a class of molecules known as kinase inhibitors, which work by cutting back on the enzymatic activity of a key cellular reaction. The selectivity of the drug means it does not cause the severe side effects associated with many traditional cancer treatments, and none of the patients with TRK fusions had to quit the study because of a drug-induced side effect.

Equally important, the response was long-lasting for most patients. ""For some of the targeted drugs in the past, many patients responded initially, but then resistance developed quickly. To date, the response to this drug seems to be durable in most patients,"" said Dr. Laetsch, who investigates the use of tumor molecular profiling to guide therapy in UT Southwestern's Pediatric Hematology and Oncology Division.

A next step in the research is a clinical trial involving a similar drug for those patients who developed resistance. Dr. Laetsch will be the national leader for that clinical trial in children.

###

The larotrectinib research was supported by Loxo Oncology Inc., the National Institutes of Health, the Cancer Prevention and Research Institute of Texas, the National Center for Advancing Translational Sciences, and Alex's Lemonade Stand Foundation. Dr. Laetsch is a paid consultant for Loxo Oncology Inc.

The Harold C. Simmons Comprehensive Cancer Center is the only NCI-designated Comprehensive Cancer Center in North Texas and among just 30 U.S. cancer research centers to be designated by the NCI as a National Clinical Trials Network Lead Academic Participating Site. UT Southwestern Medical Center is recognizing its 75th year this year.

About UT Southwestern Medical Center

UT Southwestern, one of the premier academic medical centers in the nation, integrates pioneering biomedical research with exceptional clinical care and education. The institution's faculty has received six Nobel Prizes, and includes 22 members of the National Academy of Sciences, 17 members of the National Academy of Medicine, and 14 Howard Hughes Medical Institute Investigators. The faculty of more than 2,700 is responsible for groundbreaking medical advances and is committed to translating science-driven research quickly to new clinical treatments. UT Southwestern physicians provide care in about 80 specialties to more than 100,000 hospitalized patients, 600,000 emergency room cases, and oversee approximately 2.2 million outpatient visits a year.",full_article,false,false,gold,0,0,-100,2,86b274a0d02b7542e0f561340fc2e1a4708d51e3,en,5966
fakehealth,news_reviews_00094,Portable device detects severe stroke in seconds with 92 percent accuracy,"A new device worn like a visor can detect emergent large-vessel occlusion in patients with suspected stroke with 92 percent accuracy, report clinical investigators at the Medical University of South Carolina (MUSC), Mount Sinai, the University of Tennessee Health Sciences Center and elsewhere in an article published online on March 6, 2018, in the Journal of Neurointerventional Surgery. Patients with large-vessel occlusions can then be routed to a Comprehensive Stroke Center with endovascular capabilities. In contrast, a standard physical examination achieved only 40 to 89 percent accuracy in identifying patients with large-vessel occlusion who could benefit from endovascular therapy.

The volumetric impedance phase shift spectroscopy (VIPS) device (Cerebrotech VisorTM, Cerebrotech Medical Systems, Pleasanton, CA) works by sending low-energy radio waves through the brain that change frequency when passing through fluids. Such waves are reflected back through the brain and then detected by the device. When a patient is having a severe stroke, the brain's fluids will change, producing an asymmetry in the radio waves detected by the VIPS device. The greater the asymmetry, the more severe the stroke.

Endovascular therapy within 24 hours is the standard of care for emergent large-vessel occlusion, but the chance of achieving a good outcome decreases by approximately 20 percent for each hour that passes before treatment.

The researchers hope that the device will save valuable time -- especially important in stroke where time is brain -- when it is deployed with emergency medical personnel in the field. This is because the accuracy of the device simplifies the decision made by emergency personnel about where to take patients first, according to Raymond D. Turner, M.D., professor of neurosurgery and chief of the Neuroscience Integrated Center of Clinical Excellence at MUSC. Turner served as principal investigator for MUSC in the VIPS for the Non-Invasive Detection of Hemispheric Bioimpedance Asymmetry in Severe Brain Pathology (VITAL) study reported in the article.

""Transfer between hospitals takes a lot of time,"" said Turner. ""If we can give the information to emergency personnel out in the field that this is a large-vessel occlusion, that should change their thought process in triage as to which hospital they go to.""

In the study, the VIPS device was deployed with emergency medical personnel in regions served by five Comprehensive Stroke Centers equipped with the endovascular capabilities to treat large-vessel occlusions that underlie severe stroke. Their goal was to use the device to accurately identify severe stroke and then compare the results to established physical examination methods practiced by emergency personnel such as the Prehospital Acute Stroke Severity Scale.

Both healthy participants and patients with suspected stroke were evaluated by emergency personnel using the VIPS device. Three readings were taken and averaged -- a process that takes about 30 seconds. Patients were also later evaluated by neurologists who provided definitive diagnoses using neuroimaging.

Compared to the neurologists' diagnoses, the device displayed 92 percent specificity -- the ability to detect the difference between patients with severe stroke and those with other conditions such as mild stroke or healthy participants with no brain pathology. This places the VIPS device above standard physical examination tools used by emergency personnel that display specificity scores between 40 and 89 percent.

The VIPS device is made by Cerebrotech Medical Systems, which paid consultants to analyze the neuroimaging data independently. The neuroimaging data was needed to teach the VIPS device which radio waves were indicative of stroke. Yet the consultants did not have access to the VIPS radio wave data during their review of the images, thereby eliminating the potential of the consultants to choose data that might artificially inflate the device's accuracy. It is also not clear how the device would work for patients with cranial implants, as metal interferes with the device's operating radio frequencies.

The device's success may be found in its ability to give emergency personnel a clear answer as to whether a patient is experiencing a severe stroke. The VIPS device requires very little training to operate compared to that required to learn standard emergency examination skills, thereby reducing the possibility of human error during emergency diagnosis.

In their next steps, the researchers are undertaking the VITAL 2.0 study to determine if the VIPS device can use complex machine learning algorithms to teach itself how to discriminate between minor and severe stroke without the help of neurologists. If so, the VIPS device could have widespread clinical implications, helping emergency personnel decide whether to take a patient to a comprehensive stroke center or a primary stroke center for treatment.

Turner likens the use of the VIPS device in detecting severe stroke to the use of electrocardiography (ECG) to definitively detect acute myocardial infarction. He predicts that the device has the potential to be used widely by emergency personnel but also to appear in other public spaces. ""This could potentially be something like a defibrillator,"" said Turner. ""You can find out if a patient is having a stroke, just like you can put a defibrillator on a patient to see if they're having a heart attack.""

This study was funded by Cerebrotech Medical Systems.

About MUSC Founded in 1824 in Charleston, The Medical University of South Carolina is the oldest medical school in the South. Today, MUSC continues the tradition of excellence in education, research, and patient care. MUSC educates and trains more than 3,000 students and residents, and has nearly 13,000 employees, including approximately 1,500 faculty members. As the largest non-federal employer in Charleston, the university and its affiliates have collective annual budgets in excess of $2.2 billion. MUSC operates a 750-bed medical center, which includes a nationally recognized Children's Hospital, the Ashley River Tower (cardiovascular, digestive disease, and surgical oncology), Hollings Cancer Center (a National Cancer Institute designated center) Level I Trauma Center, and Institute of Psychiatry. For more information on academic information or clinical services, visit musc.edu. For more information on hospital patient services, visit muschealth.org.

###",full_article,mixed,mixed,gold,0,1,-100,2,ea96ece83c9a59db884c6c81954be93337c70619,en,6508
fakehealth,news_reviews_00095,Canadian neuroscientists say daily ibuprofen can prevent Alzheimer's disease,"VANCOUVER, BC (March 26, 2018): A Vancouver-based research team led by Canada's most cited neuroscientist, Dr. Patrick McGeer, has successfully carried out studies suggesting that, if started early enough, a daily regimen of the non-prescription NSAID (nonsteroidal anti-inflammatory drug) ibuprofen can prevent the onset of Alzheimer's disease. This means that by taking an over-the-counter medication, people can ward off a disease that, according to Alzheimer's Disease International's World Alzheimer Report 2016, affects an estimated 47 million people worldwide, costs health care systems worldwide more than US$818 billion (1) per year and is the fifth leading cause of death in those aged 65 or older.

The Alzheimer's Association estimates that there are more than 5 million cases in the United States alone, with a new case being identified every 66 seconds. The annual cost to the country in 2017 is estimated have been $259 billion, with that figure predicted to potentially rise to $1.1 trillion by 2050. (2)

Dr. McGeer, who is President and CEO of Vancouver-based Aurin Biotech, and his wife, Dr. Edith McGeer, are among the most cited neuroscientists in the world. Their laboratory is world-renowned for their 30 years of work in neuroinflammation and neurodegenerative diseases, particularly Alzheimer's disease. A paper detailing Dr. McGeer's most recent discoveries were published Friday in the prestigious Journal of Alzheimer's Disease. (Journal of Alzheimer's Disease 62 (pp. 1219-1222).

In 2016, Dr. McGeer and his team announced that they had developed a simple saliva test that can diagnose Alzheimer's disease, as well as predict its future onset. The test is based on measuring the concentration of the peptide amyloid beta protein 42 (Abeta42) secreted in saliva. In most individuals, the rate of Abeta 42 production is almost exactly the same regardless of sex or age. However, if that rate of production is two to three times higher, those individuals are destined to develop Alzheimer's disease. That is because Abeta42 is a relatively insoluble material, and although it is made everywhere in the body, deposits of it occur only in the brain, causing neuroinflammation, which destroys neurons in the brains of people with Alzheimer's disease.

Contrary to the widely held belief that Abeta 42 is made only in the brain, Dr. McGeer's team demonstrated that the peptide is made in all organs of the body and is secreted in saliva from the submandibular gland. As a result, with as little as one teaspoon of saliva, it is possible to predict whether an individual is destined to develop Alzheimer's disease. This gives them an opportunity to begin taking early preventive measures such as consuming non-prescription non-steroidal drugs (NSAIDs) such as ibuprofen.

""What we've learned through our research is that people who are at risk of developing Alzheimer's exhibit the same elevated Abeta 42 levels as people who already have it; moreover, they exhibit those elevated levels throughout their lifetime so, theoretically, they could get tested anytime,"" says Dr. McGeer. ""Knowing that the prevalence of clinical Alzheimer's Disease commences at age 65, we recommend that people get tested ten years before, at age 55, when the onset of Alzheimer's would typically begin. If they exhibit elevated Abeta 42 levels then, that is the time to begin taking daily ibuprofen to ward off the disease.

""Unfortunately, most clinical trials to date have focused on patients whose cognitive deficits are already mild to severe, and when the therapeutic opportunities in this late stage of the disease are minimal. Consequently, every therapeutic trial has failed to arrest the disease's progression. Our discovery is a game changer. We now have a simple test that can indicate if a person is fated to develop Alzheimer's disease long before it begins to develop. Individuals can prevent that from happening through a simple solution that requires no prescription or visit to a doctor. This is a true breakthrough since it points in a direction where AD can eventually be eliminated.""

###

About Aurin Biotech:

Aurin Biotech is a private, early stage Vancouver company which develops agents for the treatment of Alzheimer's disease and other chronic degenerative diseases. The company was founded in 2012 to advance the discoveries made by the McGeer and Associates Laboratory at the University of British Columbia (UBC). For more information, visit http://www. aurinbiotech. com

ABOUT THE JOURNAL OF ALZHEIMER'S DISEASE",full_article,false,false,gold,0,0,-100,2,182ebc00ba71670f144abdf58cb9be1c1da52a97,en,4543
fakehealth,news_reviews_00096,Eating pecans had significant effect on biomarkers of heart disease and type 2 diabetes,"A new study published in Nutrients shows that eating just 1.5 ounces of pecans - one small handful - every day may protect adults at risk for developing cardiovascular disease (CVD) and type 2 diabetes (T2D). Conducted by researchers at the Jean Mayer USDA Human Nutrition Research Center on Aging at Tufts University, this study found that incorporating pecans into a typical American diet significantly improved insulin sensitivity and had a significant effect on markers of cardiometabolic disease in otherwise healthy overweight and obese adults with excess belly fat.

While a growing body of evidence has linked tree nuts such as pecans to reduced risk of CVD, this is the first study to look at the effects of pecan consumption on factors other than blood lipid levels and specifically those related to T2D. Obesity is a risk factor for T2D, and both obesity and T2D increase CVD risk.

""Pecans are naturally high in monounsaturated and polyunsaturated fats, so replacing a portion of the saturated fat in the diet with these healthier fats can explain some of the cardio-protective effects we observed,"" said lead researcher, Diane McKay, Ph.D. ""But pecans also contain a number of bioactive plant compounds as well as vitamins and essential minerals that all likely contributed to this benefit. What's really interesting is that just one small change - eating a handful of pecans daily - may have a large impact on the health of these at-risk adults.""

In this placebo-controlled crossover study of 26 men and women (average age 59 years), all meals were provided to carefully control their food intake. For four weeks at a time, subjects ate either a control diet with no nuts or the same diet with pecans substituted for 15 percent of the total calories. Both the control diet and the pecan-rich diet were low in fruits, vegetables and fiber. Calorie levels, as well as protein, carbohydrate, and total fat, were kept the same.

###

The study entitled ""A Pecan-Rich Diet Improves Cardiometabolic Risk Factors in Overweight and Obese Adults: A Randomized Controlled Trial"" is available online and will be presented at the American Society for Nutrition Annual Conference, Nutrition 2018 held in Boston this June. The study was funded by the National Pecan Shellers Association.",full_article,false,false,gold,0,0,-100,2,880a899a7b7c7bab678faa73fdabb4485ef201be,en,2288
fakehealth,news_reviews_00097,Minimally invasive treatment reduces knee pain and disability from osteoarthritis,"LOS ANGELES (March 19, 2018)--A nonsurgical treatment could improve quality of life for patients with knee pain due to osteoarthritis, according to new research presented today at the Society of Interventional Radiology's 2018 Annual Scientific Meeting.

In the first U.S. clinical trial on geniculate artery embolization (GAE), a minimally invasive, image-guided treatment that blocks key arteries in the knee to reduce inflammation and pain, resulted in a majority of study participants achieving significant pain reduction and improvements in range of motion, avoiding more invasive measures.

""A majority of our patients with osteoarthritis of the knee saw significant pain reduction, not only just a few days after the procedure, but a month after as well, making this an accessible treatment for patients looking to improve their quality of life without surgery,"" said Sandeep Bagla, M.D., director of interventional radiology at the Vascular Institute of Virginia and lead author of the study. ""We are very encouraged by the results and the implications for the millions suffering from this common, yet debilitating condition.""

Interventional radiologists perform GAE for knee pain by inserting catheters through a pinhole-sized incision, blocking the very small arteries or capillaries within the lining of the knee, reducing the inflammation caused by osteoarthritis. As an outpatient treatment, GAE does not require open surgery or physical therapy, and takes 45-90 minutes to perform.

This prospective, multicenter clinical trial evaluated 13 patients with severe osteoarthritis pain. Each patient's pain and disability were measured along two scales, with evaluations before and after the treatment. The treatment was successfully completed in all 13 patients, with no adverse events. One month later, researchers followed the progress of eight patients and found that GAE significantly decreased pain (-58 mm on the Visual Analog Scale), reduced stiffness and increased physical function (-36.3 on the Western Ontario and McMaster University Osteoarthritis Index). Together the scales represent an 80 percent improvement in function compared with pre-procedure conditions.

""This procedure could have a significant impact in the treatment of osteoarthritis pain as a whole,"" said Bagla. ""The current mainstay of treatment in patients who have arthritis are pain medications, which come with significant side effects and risks. But GAE provides another option for patients struggling with pain and may even allow patients to avoid the painful recovery of knee surgery and the need for the kind of opioid pain medications associated with the dangerous epidemic in the United States.""

This study builds on the growing international research around GAE and osteoarthritis. While preliminary data shows that the treatment does work and is feasible, it has only been used in a clinical trial setting. The study has completed enrollment of 20 patients and final results are expected in summer 2018. A second randomized controlled clinical trial began in February 2018 and will provide further data on what types of patients are the best candidates for this treatment and how it could move toward clinical practice.

###

Abstract 210: Geniculate Artery Embolization (GAE) for Osteoarthritis (OA)-related Knee Pain: Interim Results from a Multicenter US Trial. S. Bagla; R. Piechowiak; T. Hartman; J. Orlando; A. Isaacson; Vascular Institute of Virginia, Woodbridge, VA; UNC Chapel Hill, Chapel Hill, NC; University of North Carolina, Chapel Hill. SIR Annual Scientific Meeting, March 17-22, 2018. This abstract can be found at sirmeeting.org.

About the Society of Interventional Radiology

The Society of Interventional Radiology is a nonprofit, professional medical society representing more than 7,500 practicing interventional radiology physicians, trainees, students, scientists and clinical associates, dedicated to improving patient care through the limitless potential of image-guided therapies. SIR's members work in a variety of settings and at different professional levels--from medical students and residents to university faculty and private practice physicians. Visit sirweb.org.

The Society of Interventional Radiology is holding its Annual Scientific Meeting March 17-22, 2018 at the Los Angeles Convention Center in Los Angeles, Calif. Visit sirmeeting.org.",full_article,false,false,gold,0,0,-100,2,32e8740515c9e349fece613a43e4df7273470141,en,4385
fakehealth,news_reviews_00098,Targeted immunotherapy treatment shows promise for treating advanced stage liver tumors,"LOS ANGELES (March 21, 2018)--Advanced stage liver tumors may be safely treated through image-guided injections of an immunotherapy approved for melanoma, according to a study presented today at the Society of Interventional Radiology's Annual Scientific Meeting.

Researchers found that talimogene laherparepvec (T-VEC)--a genetically modified version of the herpes virus--can be safely administered into active cancer in the liver and stimulate the immune system to destroy cancer cells throughout the body.

""Advanced stage liver tumors, including ones that have spread from other locations, have limited treatment options because the patients can be in poor health; further, the complex structure of the organ can make it difficult to target with standard approaches,"" said Steven S. Raman, M.D., professor of radiology, surgery and urology at the David Geffen School of Medicine, University of California, Los Angeles, and lead author of the study. ""This minimally invasive treatment offers patients a novel way to directly and indirectly attack the cancer cells.""

Using image-guided needle injections, researchers at centers in the United States, Switzerland and Spain, treated 14 advanced-stage cancer patients with liver metastases, including those with cirrhosis. Patients were given escalating doses of T-VEC, up to the maximum FDA-approved dose for melanoma. Injection volume was based on lesion size. Researchers found the patients tolerated the treatment well with expected side effects, including temporary flu-like symptoms.

As part of the study, researchers will follow patients for up to two years, and new trials to investigate the effectiveness of the drug in treating advanced cancer in the liver are being planned. Additional investigation is also planned to test the therapy in combination with a checkpoint inhibitor to activate a stronger immune response.

""Image-guided treatments have expanded the options available for patients with liver cancer from innovative approaches to biopsies to resections to chemo,"" said Raman. ""This is an exciting way to look to the future, but patients living with advanced liver cancer should understand that this treatment will not be available for several years, except through clinical trials.""

The authors note several limitations of the current study, including the preliminary nature of the results, as well as the number of patients tested.

Amgen, the pharmaceutical company that makes T-VEC, was a sponsor of the trial.

###

Abstract 375: Early safety from a phase 1, multicenter, open-label clinical trial of talimogene laherparepvec (T-VEC) injected into liver tumors. S. Raman; M. Pless; A. Cubillo; A. Calvo; R. Hecht; C. Liu; E. Chan; J. Chesney; A. Prat; David Geffen School of Medicine, University of California, Los Angeles, CA;, Department of Oncology, Kantonsspital Winterthur, Winterthur, Switzerland; HM Universitario Sanchinarro, CIOCC, Madrid, Spain; Hospital General Universitario Gregorio Marañón, Madrid, Spain; Amgen Inc., Thousand Oaks, CA; James Graham Brown Cancer Center, University of Louisville, Louisville, KY; Hospital Clínic, University of Barcelona, Barcelona, Spain. SIR Annual Scientific Meeting, March 17-22, 2018. This abstract can be found at sirmeeting.org

About the Society of Interventional Radiology

The Society of Interventional Radiology is a nonprofit, professional medical society representing more than 7,500 practicing interventional radiology physicians, trainees, students, scientists and clinical associates, dedicated to improving patient care through the limitless potential of image-guided therapies. SIR's members work in a variety of settings and at different professional levels--from medical students and residents to university faculty and private practice physicians. Visit sirweb.org.

The Society of Interventional Radiology is holding its Annual Scientific Meeting March 17-22, 2018 at the Los Angeles Convention Center in Los Angeles, Calif. Visit sirmeeting.org.",full_article,true,true,gold,0,2,-100,2,27db6d82763a4befdd1a43b1d19440e7b1a73cc0,en,3995
fakehealth,news_reviews_00099,Screening mammography for women 40-49 detects more cancers compared with older age groups,"Leesburg, VA, March 13, 2018 - When compared to the screening population ages 50 and over, screening mammography in women ages 40-49 detects 19.3% additional cancers at the expense of an overall 1.5% increase in callbacks and 0.1% in increased biopsies, according to a study to be presented at the ARRS 2018 Annual Meeting, set for April 22-27 in Washington, DC.

The study to be presented by Abid Irshad of the Medical University of South Carolina examined the effectiveness of screening mammography between ages 40-49 in comparison to age groups 50-59 and 60-69. More than 41,000 screening mammography exams were examined for callbacks and recall rate, biopsies performed, cancers detected, and sensitivity and specificity of screening mammography.

Overall, 41,028 mammograms were performed with 5,196 callbacks (12.7% recall rate), 1,164 biopsies, and 326 cancers detected. Women ages 40-49 had 8,913 mammograms, 1,518 callbacks (17% recall rate), 306 biopsies, and 52 cancers detected. Women ages 50-59 had 13,288 mammograms, 1,659 callbacks (12.5% recall rate), 371 biopsies, and 103 cancers detected, while women ages 60-69 had 12,119 mammograms, 1,239 callbacks (10.2% recall rate), 302 biopsies and 89 cancers detected. Overall, the women ages 50 and over had a total of 31,385 mammograms, 3,504 callbacks (11.2% recall rate), 836 biopsies, and 270 cancers detected. By adding the women ages 40-49 to the screening population of 50 and over, the overall callback rate increased 1.5%, the biopsy rate increased 0.1% and 19.3% more cancers were detected.

The study results showed that there was a higher number of callbacks among women ages 40-49 compared to women ages 50-59 (17% compared with 12.5%) and to women ages 60-69 (17% compared with 10.2%). There was also a lower positive biopsy rate among women ages 40-49 compared with women over 50. The number of cancers detected in women ages 40-49 was not significantly different from women ages 50-59 or 60-69.

###

With educational activities representing the entire spectrum of radiology, ARRS will host leading radiologists from around the world at the ARRS 2018 Annual Meeting, April 22-27, at the Marriott Wardman Park Hotel in Washington, DC. For more information, visit http://www. arrs. org/ am18 .

Founded in 1900, ARRS is the first and oldest radiology society in the United States, and is an international forum for progress in radiology. The Society's mission is to improve health through a community committed to advancing knowledge and skills in radiology. ARRS achieves its mission through an annual scientific and educational meeting, publication of the American Journal of Roentgenology (AJR) and InPractice magazine, topical symposia and webinars, and print and online educational materials. ARRS is located in Leesburg, VA.",full_article,false,false,gold,0,0,-100,2,0c391e8ed8870c1c7416a17335c1d86ccccadba8,en,2805
fakehealth,news_reviews_00100,Researchers find bone density scans can also help identify cardiovascular disease,"BOSTON -- Researchers from Hebrew SeniorLife's Institute for Aging Research, University of Western Australia, University of Sydney, and Edith Cowan University have discovered that bone density scans, typically used to determine fracture risk, could also be an aid in identifying cardiovascular disease. The study was recently published in the Journal of Bone and Mineral Research.

Researchers analyzed the bone density scans of over 1000 older women from Australia for the presence of calcium deposits in the large artery in the abdomen called the aorta. They graded the severity of these calcium deposits using scans done for osteoporosis screening. They then followed the women for almost 15 years to determine the occurrence of cardiovascular disease within the cohort.

""We found that that the presence of calcifications increased the likelihood of having cardiovascular disease such as heart attacks, and even the likelihood of cardiovascular deaths and mortality in general."" Said Co-author Douglas P. Kiel, M.D., M.P.H., Director, Musculoskeletal Research Center at Hebrew SeniorLife's Institute for Aging Research. ""Our study highlights the fact that having a bone density test not only tells women about their risk of fracture, but also their long term risk for cardiovascular disease. This makes bone density testing even more useful in screening.""

###

About Institute for Aging Research

Scientists at the Institute for Aging Research seek to transform the human experience of aging by conducting research that will ensure a life of health, dignity and productivity into advanced age. The Institute carries out rigorous studies that discover the mechanisms of age-related disease and disability; lead to the prevention, treatment and cure of disease; advance the standard of care for older people; and inform public decision-making. The Musculoskeletal Center within IFAR studies conditions affecting bone, muscle, and joint health with aging.

About Hebrew SeniorLife",full_article,false,false,gold,0,0,-100,2,477fa4ab3c7b447e3773cad6ce78209c7fc509bc,en,1982
